timestep,max_alpha_rho2,x,y,z
0,0.0,-3.90628,0.0009375,
1,0.0,-3.90628,0.0009375,
2,0.0,-3.90628,0.0009375,
3,0.0,-3.90628,0.0009375,
4,0.0,-3.90628,0.0009375,
5,0.0,-3.90628,0.0009375,
6,0.0,-3.90628,0.0009375,
7,0.0,-3.90628,0.0009375,
8,0.0,-3.90628,0.0009375,
9,0.0,-3.90628,0.0009375,
10,0.0,-3.90628,0.0009375,
11,0.0,-3.90628,0.0009375,
12,0.0,-3.90628,0.0009375,
13,0.0,-3.90628,0.0009375,
14,0.0,-3.90628,0.0009375,
15,0.0,-3.90628,0.0009375,
16,0.0,-3.90628,0.0009375,
17,0.0,-3.90628,0.0009375,
18,0.0,-3.90628,0.0009375,
19,0.0,-3.90628,0.0009375,
20,0.0,-3.90628,0.0009375,
21,0.0,-3.90628,0.0009375,
22,0.0,-3.90628,0.0009375,
23,0.0,-3.90628,0.0009375,
24,0.0,-3.90628,0.0009375,
25,0.0,-3.90628,0.0009375,
26,0.0,-3.90628,0.0009375,
27,0.0,-3.90628,0.0009375,
28,0.0,-3.90628,0.0009375,
29,0.0,-3.90628,0.0009375,
30,0.0,-3.90628,0.0009375,
31,0.0,-3.90628,0.0009375,
32,0.0,-3.90628,0.0009375,
33,0.0,-3.90628,0.0009375,
34,0.0,-3.90628,0.0009375,
35,0.0,-3.90628,0.0009375,
36,0.0,-3.90628,0.0009375,
37,0.0,-3.90628,0.0009375,
38,0.0,-3.90628,0.0009375,
39,0.0,-3.90628,0.0009375,
40,0.0,-3.90628,0.0009375,
41,0.0,-3.90628,0.0009375,
42,0.0,-3.90628,0.0009375,
43,0.0,-3.90628,0.0009375,
44,0.0,-3.90628,0.0009375,
45,0.0,-3.90628,0.0009375,
46,0.0,-3.90628,0.0009375,
47,0.0,-3.90628,0.0009375,
48,0.0,-3.90628,0.0009375,
49,0.0,-3.90628,0.0009375,
50,0.0,-3.90628,0.0009375,
51,0.0,-3.90628,0.0009375,
52,0.0,-3.90628,0.0009375,
53,0.0,-3.90628,0.0009375,
54,0.0,-3.90628,0.0009375,
55,0.0,-3.90628,0.0009375,
56,0.0,-3.90628,0.0009375,
57,0.0,-3.90628,0.0009375,
58,0.0,-3.90628,0.0009375,
59,0.0,-3.90628,0.0009375,
60,0.0,-3.90628,0.0009375,
61,0.0,-3.90628,0.0009375,
62,0.0,-3.90628,0.0009375,
63,0.0,-3.90628,0.0009375,
64,0.0,-3.90628,0.0009375,
65,0.0,-3.90628,0.0009375,
66,0.0,-3.90628,0.0009375,
67,0.0,-3.90628,0.0009375,
68,0.0,-3.90628,0.0009375,
69,0.0,-3.90628,0.0009375,
70,0.0,-3.90628,0.0009375,
71,0.0,-3.90628,0.0009375,
72,0.0,-3.90628,0.0009375,
73,0.0,-3.90628,0.0009375,
74,0.0,-3.90628,0.0009375,
75,0.0,-3.90628,0.0009375,
76,0.0,-3.90628,0.0009375,
77,0.0,-3.90628,0.0009375,
78,0.0,-3.90628,0.0009375,
79,0.0,-3.90628,0.0009375,
80,0.0,-3.90628,0.0009375,
81,0.0,-3.90628,0.0009375,
82,0.0,-3.90628,0.0009375,
83,0.0,-3.90628,0.0009375,
84,0.0,-3.90628,0.0009375,
85,0.0,-3.90628,0.0009375,
86,0.0,-3.90628,0.0009375,
87,0.0,-3.90628,0.0009375,
88,0.0,-3.90628,0.0009375,
89,0.0,-3.90628,0.0009375,
90,0.0,-3.90628,0.0009375,
91,0.0,-3.90628,0.0009375,
92,0.0,-3.90628,0.0009375,
93,0.0,-3.90628,0.0009375,
94,0.0,-3.90628,0.0009375,
95,0.0,-3.90628,0.0009375,
96,0.0,-3.90628,0.0009375,
97,0.0,-3.90628,0.0009375,
98,0.0,-3.90628,0.0009375,
99,0.0,-3.90628,0.0009375,
100,0.0,-3.90628,0.0009375,
101,0.0,-3.90628,0.0009375,
102,0.0,-3.90628,0.0009375,
103,0.0,-3.90628,0.0009375,
104,0.0,-3.90628,0.0009375,
105,0.0,-3.90628,0.0009375,
106,0.0,-3.90628,0.0009375,
107,0.0,-3.90628,0.0009375,
108,0.0,-3.90628,0.0009375,
109,0.0,-3.90628,0.0009375,
110,0.0,-3.90628,0.0009375,
111,0.0,-3.90628,0.0009375,
112,0.0,-3.90628,0.0009375,
113,0.0,-3.90628,0.0009375,
114,0.0,-3.90628,0.0009375,
115,0.0,-3.90628,0.0009375,
116,0.0,-3.90628,0.0009375,
117,0.0,-3.90628,0.0009375,
118,0.0,-3.90628,0.0009375,
119,0.0,-3.90628,0.0009375,
120,0.0,-3.90628,0.0009375,
121,0.0,-3.90628,0.0009375,
122,0.0,-3.90628,0.0009375,
123,0.0,-3.90628,0.0009375,
124,0.0,-3.90628,0.0009375,
125,0.0,-3.90628,0.0009375,
126,0.0,-3.90628,0.0009375,
127,0.0,-3.90628,0.0009375,
128,0.0,-3.90628,0.0009375,
129,0.0,-3.90628,0.0009375,
130,0.0,-3.90628,0.0009375,
131,0.0,-3.90628,0.0009375,
132,0.0,-3.90628,0.0009375,
133,0.0,-3.90628,0.0009375,
134,0.0,-3.90628,0.0009375,
135,0.0,-3.90628,0.0009375,
136,0.0,-3.90628,0.0009375,
137,0.0,-3.90628,0.0009375,
138,0.0,-3.90628,0.0009375,
139,0.0,-3.90628,0.0009375,
140,0.0,-3.90628,0.0009375,
141,0.0,-3.90628,0.0009375,
142,0.0,-3.90628,0.0009375,
143,0.0,-3.90628,0.0009375,
144,0.0,-3.90628,0.0009375,
145,0.0,-3.90628,0.0009375,
146,0.0,-3.90628,0.0009375,
147,0.0,-3.90628,0.0009375,
148,0.0,-3.90628,0.0009375,
149,0.0,-3.90628,0.0009375,
150,0.0,-3.90628,0.0009375,
151,0.0,-3.90628,0.0009375,
152,0.0,-3.90628,0.0009375,
153,0.0,-3.90628,0.0009375,
154,0.0,-3.90628,0.0009375,
155,0.0,-3.90628,0.0009375,
156,0.0,-3.90628,0.0009375,
157,0.0,-3.90628,0.0009375,
158,0.0,-3.90628,0.0009375,
159,0.0,-3.90628,0.0009375,
160,0.0,-3.90628,0.0009375,
161,0.0,-3.90628,0.0009375,
162,0.0,-3.90628,0.0009375,
163,0.0,-3.90628,0.0009375,
164,0.0,-3.90628,0.0009375,
165,0.0,-3.90628,0.0009375,
166,0.0,-3.90628,0.0009375,
167,0.0,-3.90628,0.0009375,
168,0.0,-3.90628,0.0009375,
169,0.0,-3.90628,0.0009375,
170,0.0,-3.90628,0.0009375,
171,0.0,-3.90628,0.0009375,
172,0.0,-3.90628,0.0009375,
173,0.0,-3.90628,0.0009375,
174,0.0,-3.90628,0.0009375,
175,0.0,-3.90628,0.0009375,
176,0.0,-3.90628,0.0009375,
177,0.0,-3.90628,0.0009375,
178,0.0,-3.90628,0.0009375,
179,0.0,-3.90628,0.0009375,
180,0.0,-3.90628,0.0009375,
181,0.0,-3.90628,0.0009375,
182,0.0,-3.90628,0.0009375,
183,0.0,-3.90628,0.0009375,
184,0.0,-3.90628,0.0009375,
185,0.0,-3.90628,0.0009375,
186,0.0,-3.90628,0.0009375,
187,0.0,-3.90628,0.0009375,
188,0.0,-3.90628,0.0009375,
189,0.0,-3.90628,0.0009375,
190,0.0,-3.90628,0.0009375,
191,0.0,-3.90628,0.0009375,
192,0.0,-3.90628,0.0009375,
193,0.0,-3.90628,0.0009375,
194,0.0,-3.90628,0.0009375,
195,0.0,-3.90628,0.0009375,
196,0.0,-3.90628,0.0009375,
197,0.0,-3.90628,0.0009375,
198,0.0,-3.90628,0.0009375,
199,0.0,-3.90628,0.0009375,
200,0.0,-3.90628,0.0009375,
201,0.0,-3.90628,0.0009375,
202,0.0,-3.90628,0.0009375,
203,0.0,-3.90628,0.0009375,
204,0.0,-3.90628,0.0009375,
205,0.0,-3.90628,0.0009375,
206,0.0,-3.90628,0.0009375,
207,0.0,-3.90628,0.0009375,
208,0.0,-3.90628,0.0009375,
209,0.0,-3.90628,0.0009375,
210,0.0,-3.90628,0.0009375,
211,0.0,-3.90628,0.0009375,
212,0.0,-3.90628,0.0009375,
213,0.000154546,0.265313,0.0009375,
214,0.000243533,0.265313,0.0009375,
215,0.000302194,0.265313,0.0009375,
216,0.000357372,0.265313,0.0009375,
217,0.000397643,0.265313,0.0009375,
218,0.000433333,0.265313,0.0009375,
219,0.000467126,0.265313,0.0009375,
220,0.000496115,0.265313,0.0009375,
221,0.000522847,0.265313,0.0009375,
222,0.000548876,0.265313,0.0009375,
223,0.000569992,0.265313,0.0009375,
224,0.000572265,0.265313,0.0009375,
225,0.000539094,0.263438,0.0009375,
226,0.000507608,0.261563,0.0009375,
227,0.000514682,0.248438,0.0009375,
228,0.000533636,0.248438,0.0009375,
229,0.000541265,0.248438,0.0009375,
230,0.000537418,0.248438,0.0009375,
231,0.000509145,0.248438,0.0009375,
232,0.000458758,0.244688,0.0009375,
233,0.000427063,0.229688,0.0009375,
234,0.000386364,0.229688,0.0009375,
235,0.000265693,0.229688,0.0009375,
236,0.00027227,0.452813,0.0009375,
237,0.000288483,0.452813,0.0009375,
238,0.000302391,0.452813,0.0009375,
239,0.000315468,0.452813,0.0009375,
240,0.000326213,0.452813,0.0009375,
241,0.000335346,0.452813,0.0009375,
242,0.000343458,0.452813,0.0009375,
243,0.000349977,0.452813,0.0009375,
244,0.000355568,0.452813,0.0009375,
245,0.000360461,0.452813,0.0009375,
246,0.000363885,0.452813,0.0009375,
247,0.000366031,0.452813,0.0009375,
248,0.000367095,0.452813,0.0009375,
249,0.000367078,0.452813,0.0009375,
250,0.000365841,0.452813,0.0009375,
251,0.000363012,0.452813,0.0009375,
252,0.000358554,0.452813,0.0009375,
253,0.000351973,0.452813,0.0009375,
254,0.000342502,0.450938,0.0009375,
255,0.000330801,0.450938,0.0009375,
256,0.000314442,0.450938,0.0009375,
257,0.000289733,0.450938,0.0009375,
258,0.000252803,0.452813,0.0009375,
259,0.000193954,0.452813,0.0009375,
260,7.41791e-05,0.452813,0.0009375,
261,8.87695e-09,0.218438,0.0365625,
262,8.85691e-09,0.218438,0.0365625,
263,7.70276e-09,0.224063,0.0646875,
264,7.68338e-09,0.224063,0.0646875,
265,7.66448e-09,0.224063,0.0646875,
266,7.64511e-09,0.224063,0.0646875,
267,7.6271e-09,0.224063,0.0646875,
268,7.60932e-09,0.224063,0.0646875,
269,7.59082e-09,0.224063,0.0646875,
270,7.57327e-09,0.224063,0.0646875,
271,7.55551e-09,0.224063,0.0646875,
272,7.53645e-09,0.224063,0.0646875,
273,7.51813e-09,0.224063,0.0646875,
274,7.49897e-09,0.224063,0.0646875,
275,7.48098e-09,0.224063,0.0646875,
276,7.46312e-09,0.224063,0.0646875,
277,7.44407e-09,0.224063,0.0646875,
278,7.4256e-09,0.224063,0.0646875,
279,7.40707e-09,0.224063,0.0646875,
280,7.38785e-09,0.224063,0.0646875,
281,7.36962e-09,0.224063,0.0646875,
282,7.35124e-09,0.224063,0.0646875,
283,7.33185e-09,0.224063,0.0646875,
284,7.3131e-09,0.224063,0.0646875,
285,7.29399e-09,0.224063,0.0646875,
286,7.27349e-09,0.224063,0.0646875,
287,7.25366e-09,0.224063,0.0646875,
288,7.23338e-09,0.224063,0.0646875,
289,7.21214e-09,0.224063,0.0646875,
290,7.19287e-09,0.224063,0.0646875,
291,7.17394e-09,0.224063,0.0646875,
292,7.15374e-09,0.224063,0.0646875,
293,7.1348e-09,0.224063,0.0646875,
294,7.11616e-09,0.224063,0.0646875,
295,7.09642e-09,0.224063,0.0646875,
296,7.07758e-09,0.224063,0.0646875,
297,7.0578e-09,0.224063,0.0646875,
298,7.03918e-09,0.224063,0.0646875,
299,7.02056e-09,0.224063,0.0646875,
300,7.0009e-09,0.224063,0.0646875,
301,6.98235e-09,0.224063,0.0646875,
302,6.96389e-09,0.224063,0.0646875,
303,6.94429e-09,0.224063,0.0646875,
304,6.92559e-09,0.224063,0.0646875,
305,6.90707e-09,0.224063,0.0646875,
306,6.88775e-09,0.224063,0.0646875,
307,6.86944e-09,0.224063,0.0646875,
308,6.85101e-09,0.224063,0.0646875,
309,6.83156e-09,0.224063,0.0646875,
310,6.81322e-09,0.224063,0.0646875,
311,6.79489e-09,0.224063,0.0646875,
312,6.77557e-09,0.224063,0.0646875,
313,6.75741e-09,0.224063,0.0646875,
314,6.7393e-09,0.224063,0.0646875,
315,6.72013e-09,0.224063,0.0646875,
316,6.70191e-09,0.224063,0.0646875,
317,6.68271e-09,0.224063,0.0646875,
318,6.6648e-09,0.224063,0.0646875,
319,6.64707e-09,0.224063,0.0646875,
320,6.62817e-09,0.224063,0.0646875,
321,6.61009e-09,0.224063,0.0646875,
322,6.59204e-09,0.224063,0.0646875,
323,6.57327e-09,0.224063,0.0646875,
324,6.55563e-09,0.224063,0.0646875,
325,6.53799e-09,0.224063,0.0646875,
326,6.51942e-09,0.224063,0.0646875,
327,6.50196e-09,0.224063,0.0646875,
328,6.48445e-09,0.224063,0.0646875,
329,6.46574e-09,0.224063,0.0646875,
330,6.44798e-09,0.224063,0.0646875,
331,6.4295e-09,0.224063,0.0646875,
332,6.41227e-09,0.224063,0.0646875,
333,6.39511e-09,0.224063,0.0646875,
334,6.377e-09,0.224063,0.0646875,
335,6.35984e-09,0.224063,0.0646875,
336,6.34276e-09,0.224063,0.0646875,
337,6.32466e-09,0.224063,0.0646875,
338,6.30742e-09,0.224063,0.0646875,
339,6.29021e-09,0.224063,0.0646875,
340,6.27238e-09,0.224063,0.0646875,
341,6.25582e-09,0.224063,0.0646875,
342,6.23922e-09,0.224063,0.0646875,
343,6.22159e-09,0.224063,0.0646875,
344,6.20483e-09,0.224063,0.0646875,
345,6.18718e-09,0.224063,0.0646875,
346,6.17057e-09,0.224063,0.0646875,
347,6.15411e-09,0.224063,0.0646875,
348,6.13677e-09,0.224063,0.0646875,
349,6.1203e-09,0.224063,0.0646875,
350,6.10397e-09,0.224063,0.0646875,
351,6.08707e-09,0.224063,0.0646875,
352,6.07122e-09,0.224063,0.0646875,
353,6.05454e-09,0.224063,0.0646875,
354,6.03529e-09,0.224063,0.0646875,
355,6.01591e-09,0.224063,0.0646875,
356,5.99742e-09,0.224063,0.0646875,
357,5.97918e-09,0.224063,0.0646875,
358,5.9608e-09,0.224063,0.0646875,
359,5.94292e-09,0.224063,0.0646875,
360,5.9248e-09,0.224063,0.0646875,
361,5.90673e-09,0.224063,0.0646875,
362,5.88743e-09,0.224063,0.0646875,
363,5.86868e-09,0.224063,0.0646875,
364,5.85006e-09,0.224063,0.0646875,
365,5.83098e-09,0.224063,0.0646875,
366,5.81277e-09,0.224063,0.0646875,
367,5.79358e-09,0.224063,0.0646875,
368,5.7755e-09,0.224063,0.0646875,
369,5.75658e-09,0.224063,0.0646875,
370,5.73877e-09,0.224063,0.0646875,
371,5.72107e-09,0.224063,0.0646875,
372,5.70236e-09,0.224063,0.0646875,
373,5.6846e-09,0.224063,0.0646875,
374,5.66682e-09,0.224063,0.0646875,
375,5.64794e-09,0.224063,0.0646875,
376,5.63008e-09,0.224063,0.0646875,
377,5.61255e-09,0.224063,0.0646875,
378,5.59451e-09,0.224063,0.0646875,
379,5.57764e-09,0.224063,0.0646875,
380,5.55982e-09,0.224063,0.0646875,
381,5.54306e-09,0.224063,0.0646875,
382,5.5266e-09,0.224063,0.0646875,
383,5.50946e-09,0.224063,0.0646875,
384,5.49331e-09,0.224063,0.0646875,
385,5.47732e-09,0.224063,0.0646875,
386,5.46058e-09,0.224063,0.0646875,
387,5.44466e-09,0.224063,0.0646875,
388,5.42869e-09,0.224063,0.0646875,
389,5.41197e-09,0.224063,0.0646875,
390,5.39642e-09,0.224063,0.0646875,
391,5.38033e-09,0.224063,0.0646875,
392,5.36532e-09,0.224063,0.0646875,
393,5.35038e-09,0.224063,0.0646875,
394,5.33465e-09,0.224063,0.0646875,
395,5.31987e-09,0.224063,0.0646875,
396,5.30522e-09,0.224063,0.0646875,
397,5.29496e-09,0.252188,0.0215625,
398,5.2924e-09,0.252188,0.0215625,
399,5.28986e-09,0.252188,0.0215625,
400,5.28732e-09,0.252188,0.0215625,
