alpha_g,alpha_l,rho_wood,c_wood_mm_per_microsecond
0.0000000000000000e+00,1.0000000000000000e+00,1.3685664138701648e+03,1.3103655349194079e+00
2.4673990708934390e-08,9.9999997532600926e-01,1.3685663801312351e+03,1.3100982499246370e+00
9.8695719314423341e-08,9.9999990130428074e-01,1.3685662789147793e+03,1.3092973779471104e+00
2.2206445525085884e-07,9.9999977793554473e-01,1.3685661102217960e+03,1.3079658579895306e+00
3.9477898091944129e-07,9.9999960522101905e-01,1.3685658740539502e+03,1.3061085551969125e+00
6.1683759169706148e-07,9.9999938316240833e-01,1.3685655704135731e+03,1.3037322117592531e+00
8.8823809595517390e-07,9.9999911176190404e-01,1.3685651993036611e+03,1.3008453795356227e+00
1.2089778150797815e-06,9.9999879102218492e-01,1.3685647607278772e+03,1.2974583357070768e+00
1.5790535835003006e-06,9.9999842094641656e-01,1.3685642546905499e+03,1.2935829830661818e+00
1.9984617487173172e-06,9.9999800153825125e-01,1.3685636811966735e+03,1.2892327368017507e+00
2.4671981713419998e-06,9.9999753280182868e-01,1.3685630402519082e+03,1.2844223998317692e+00
2.9852582251355121e-06,9.9999701474177483e-01,1.3685623318625799e+03,1.2791680288726712e+00
3.5526367970539764e-06,9.9999644736320292e-01,1.3685615560356800e+03,1.2734867935070158e+00
4.1693282872995454e-06,9.9999583067171272e-01,1.3685607127788658e+03,1.2673968305261432e+00
4.8353266093764667e-06,9.9999516467339067e-01,1.3685598021004598e+03,1.2609170957827052e+00
5.5506251901499273e-06,9.9999444937480986e-01,1.3685588240094498e+03,1.2540672156953614e+00
6.3152169699126629e-06,9.9999368478303008e-01,1.3685577785154896e+03,1.2468673404110735e+00
7.1290944024510195e-06,9.9999287090559752e-01,1.3685566656288975e+03,1.2393380004573729e+00
7.9922494551248889e-06,9.9999200775054486e-01,1.3685554853606573e+03,1.2314999685154653e+00
8.9046736089409838e-06,9.9999109532639108e-01,1.3685542377224178e+03,1.2233741277245180e+00
9.8663578586422046e-06,9.9999013364214140e-01,1.3685529227264926e+03,1.2149813476949016e+00
1.0877292712792586e-05,9.9998912270728724e-01,1.3685515403858606e+03,1.2063423691728139e+00
1.1937468193873868e-05,9.9998806253180617e-01,1.3685500907141641e+03,1.1974776980660127e+00
1.3046873838381546e-05,9.9998695312616159e-01,1.3685485737257115e+03,1.1884075093175726e+00
1.4205498696930329e-05,9.9998579450130309e-01,1.3685469894354746e+03,1.1791515609055592e+00
1.5413331334360179e-05,9.9998458666866563e-01,1.3685453378590898e+03,1.1697291180558018e+00
1.6670359829850657e-05,9.9998332964017012e-01,1.3685436190128573e+03,1.1601588875845825e+00
1.7976571777038041e-05,9.9998202342822295e-01,1.3685418329137419e+03,1.1504589621402344e+00
1.9331954284137475e-05,9.9998066804571584e-01,1.3685399795793710e+03,1.1406467739875839e+00
2.0736493974071736e-05,9.9997926350602595e-01,1.3685380590280367e+03,1.1307390578770915e+00
2.2190176984600020e-05,9.9997780982301543e-01,1.3685360712786940e+03,1.1207518224605773e+00
2.3692988968458395e-05,9.9997630701103157e-01,1.3685340163509611e+03,1.1107003296560589e+00
2.5244915093499133e-05,9.9997475508490652e-01,1.3685318942651195e+03,1.1005990813242563e+00
2.6845940042838359e-05,9.9997315405995713e-01,1.3685297050421127e+03,1.0904618125961407e+00
2.8496048015005383e-05,9.9997150395198497e-01,1.3685274487035483e+03,1.0803014911830064e+00
3.0195222724101469e-05,9.9996980477727593e-01,1.3685251252716953e+03,1.0701303220052982e+00
3.1943447399958026e-05,9.9996805655260002e-01,1.3685227347694845e+03,1.0599597564920826e+00
3.3740704788303157e-05,9.9996625929521166e-01,1.3685202772205096e+03,1.0498005059271602e+00
3.5586977150931507e-05,9.9996441302284911e-01,1.3685177526490254e+03,1.0396625582488701e+00
3.7482246265881370e-05,9.9996251775373413e-01,1.3685151610799485e+03,1.0295551977465676e+00
3.9426493427610625e-05,9.9996057350657241e-01,1.3685125025388568e+03,1.0194870271362788e+00
4.1419699447185491e-05,9.9995858030055285e-01,1.3685097770519890e+03,1.0094659915394579e+00
4.3461844652467052e-05,9.9995653815534757e-01,1.3685069846462443e+03,9.9949940393144188e-01
4.5552908888306651e-05,9.9995444709111170e-01,1.3685041253491827e+03,9.8959397166853225e-01
4.7692871516744063e-05,9.9995230712848326e-01,1.3685011991890244e+03,9.7975582374442638e-01
4.9881711417212316e-05,9.9995011828858282e-01,1.3684982061946494e+03,9.6999053846690264e-01
5.2119406986745331e-05,9.9994788059301321e-01,1.3684951463955972e+03,9.6030317128408638e-01
5.4405936140191073e-05,9.9994559406385986e-01,1.3684920198220673e+03,9.5069828252568811e-01
5.6741276310429687e-05,9.9994325872368961e-01,1.3684888265049171e+03,9.4117996485827948e-01
5.9125404448597267e-05,9.9994087459555137e-01,1.3684855664756633e+03,9.3175187028468609e-01
6.1558297024311148e-05,9.9993844170297574e-01,1.3684822397664818e+03,9.2241723654597052e-01
6.4039930025904245e-05,9.9993596006997409e-01,1.3684788464102053e+03,9.1317891281013019e-01
6.6570278960659810e-05,9.9993342972103938e-01,1.3684753864403249e+03,9.0403938455479771e-01
6.9149318855055706e-05,9.9993085068114496e-01,1.3684718598909892e+03,8.9500079757176054e-01
7.1777024255009758e-05,9.9992822297574502e-01,1.3684682667970039e+03,8.8606498103938769e-01
7.4453369226130668e-05,9.9992554663077382e-01,1.3684646071938312e+03,8.7723346962497983e-01
7.7178327353973341e-05,9.9992282167264601e-01,1.3684608811175904e+03,8.6850752459296632e-01
7.9951871744301522e-05,9.9992004812825575e-01,1.3684570886050556e+03,8.5988815390684470e-01
8.2773975023351379e-05,9.9991722602497668e-01,1.3684532296936579e+03,8.5137613132300094e-01
8.5644609338104139e-05,9.9991435539066187e-01,1.3684493044214828e+03,8.4297201448315684e-01
8.8563746356556391e-05,9.9991143625364343e-01,1.3684453128272714e+03,8.3467616201944950e-01
9.1531357268005438e-05,9.9990846864273197e-01,1.3684412549504193e+03,8.2648874969201258e-01
9.4547412783329573e-05,9.9990545258721664e-01,1.3684371308309760e+03,8.1840978558383459e-01
9.7611883135277917e-05,9.9990238811686472e-01,1.3684329405096448e+03,8.1043912438138910e-01
1.0072473807876570e-04,9.9989927526192124e-01,1.3684286840277825e+03,8.0257648077251331e-01
1.0388594689117125e-04,9.9989611405310885e-01,1.3684243614273987e+03,7.9482144199519877e-01
1.0709547837263967e-04,9.9989290452162738e-01,1.3684199727511559e+03,7.8717347957244888e-01
1.1035330084639084e-04,9.9988964669915359e-01,1.3684155180423686e+03,7.7963196026934967e-01
1.1365938215903260e-04,9.9988634061784099e-01,1.3684109973450029e+03,7.7219615630897054e-01
1.1701368968087710e-04,9.9988298631031913e-01,1.3684064107036763e+03,7.6486525488381341e-01
1.2041619030626283e-04,9.9987958380969377e-01,1.3684017581636570e+03,7.5763836699925635e-01
1.2386685045388313e-04,9.9987613314954615e-01,1.3683970397708640e+03,7.5051453568493565e-01
1.2736563606711437e-04,9.9987263436393292e-01,1.3683922555718655e+03,7.4349274360925677e-01
1.3091251261435565e-04,9.9986908748738568e-01,1.3683874056138798e+03,7.3657192013128092e-01
1.3450744508936740e-04,9.9986549255491064e-01,1.3683824899447739e+03,7.2975094782319982e-01
1.3815039801161721e-04,9.9986184960198843e-01,1.3683775086130638e+03,7.2302866849541181e-01
1.4184133542663013e-04,9.9985815866457339e-01,1.3683724616679128e+03,7.1640388875497685e-01
1.4558022090634503e-04,9.9985441977909362e-01,1.3683673491591326e+03,7.0987538512692716e-01
1.4936701754947101e-04,9.9985063298245058e-01,1.3683621711371818e+03,7.0344190876658763e-01
1.5320168798185375e-04,9.9984679831201817e-01,1.3683569276531646e+03,6.9710218978969385e-01
1.5708419435684463e-04,9.9984291580564311e-01,1.3683516187588325e+03,6.9085494124577562e-01
1.6101449835567272e-04,9.9983898550164430e-01,1.3683462445065825e+03,6.8469886275893921e-01
1.6499256118782501e-04,9.9983500743881215e-01,1.3683408049494556e+03,6.7863264385885846e-01
1.6901834359142609e-04,9.9983098165640860e-01,1.3683353001411385e+03,6.7265496702353644e-01
1.7309180583363059e-04,9.9982690819416642e-01,1.3683297301359614e+03,6.6676451045412122e-01
1.7721290771100962e-04,9.9982278709228900e-01,1.3683240949888977e+03,6.6095995060091450e-01
1.8138160854995144e-04,9.9981861839145003e-01,1.3683183947555644e+03,6.5523996445848887e-01
1.8559786720706185e-04,9.9981440213279293e-01,1.3683126294922204e+03,6.4960323164679146e-01
1.8986164206957035e-04,9.9981013835793042e-01,1.3683067992557662e+03,6.4404843629400110e-01
1.9417289105574053e-04,9.9980582710894428e-01,1.3683009041037446e+03,6.3857426873593082e-01
1.9853157161528467e-04,9.9980146842838469e-01,1.3682949440943376e+03,6.3317942704578567e-01
2.0293764072978559e-04,9.9979706235927024e-01,1.3682889192863686e+03,6.2786261840718860e-01
2.0739105491312084e-04,9.9979260894508692e-01,1.3682828297392996e+03,6.2262256034252328e-01
2.1189177021188889e-04,9.9978810822978814e-01,1.3682766755132322e+03,6.1745798180782918e-01
2.1643974220584783e-04,9.9978356025779413e-01,1.3682704566689060e+03,6.1236762416470414e-01
2.2103492600834940e-04,9.9977896507399167e-01,1.3682641732676991e+03,6.0735024203897525e-01
2.2567727626678525e-04,9.9977432272373323e-01,1.3682578253716251e+03,6.0240460407518115e-01
2.3036674716303218e-04,9.9976963325283696e-01,1.3682514130433362e+03,5.9752949359530760e-01
2.3510329241390571e-04,9.9976489670758606e-01,1.3682449363461187e+03,5.9272370916958916e-01
2.3988686527161686e-04,9.9976011313472835e-01,1.3682383953438955e+03,5.8798606510664941e-01
2.4471741852423234e-04,9.9975528258147572e-01,1.3682317901012232e+03,5.8331539186971759e-01
2.4959490449614151e-04,9.9975040509550384e-01,1.3682251206832934e+03,5.7871053642516679e-01
2.5451927504852701e-04,9.9974548072495151e-01,1.3682183871559300e+03,5.7417036252916931e-01
2.5949048157983989e-04,9.9974050951842020e-01,1.3682115895855907e+03,5.6969375095782648e-01
2.6450847502627883e-04,9.9973549152497376e-01,1.3682047280393645e+03,5.6527959968574126e-01
2.6957320586227352e-04,9.9973042679413771e-01,1.3681978025849719e+03,5.6092682401761906e-01
2.7468462410097595e-04,9.9972531537589904e-01,1.3681908132907649e+03,5.5663435667714278e-01
2.7984267929475118e-04,9.9972015732070529e-01,1.3681837602257247e+03,5.5240114785704819e-01
2.8504732053567740e-04,9.9971495267946431e-01,1.3681766434594620e+03,5.4822616523401280e-01
2.9029849645604677e-04,9.9970970150354399e-01,1.3681694630622169e+03,5.4410839395171251e-01
2.9559615522887275e-04,9.9970440384477111e-01,1.3681622191048561e+03,5.4004683657511954e-01
3.0094024456840175e-04,9.9969905975543161e-01,1.3681549116588758e+03,5.3604051301889011e-01
3.0633071173062968e-04,9.9969366928826942e-01,1.3681475407963967e+03,5.3208846045246161e-01
3.1176750351382179e-04,9.9968823249648620e-01,1.3681401065901664e+03,5.2818973318427020e-01
3.1725056625903856e-04,9.9968274943374091e-01,1.3681326091135575e+03,5.2434340252730960e-01
3.2277984585066369e-04,9.9967722015414928e-01,1.3681250484405673e+03,5.2054855664807453e-01
3.2835528771693991e-04,9.9967164471228309e-01,1.3681174246458165e+03,5.1680430040076353e-01
3.3397683683050738e-04,9.9966602316316955e-01,1.3681097378045488e+03,5.1310975514846557e-01
3.3964443770894526e-04,9.9966035556229105e-01,1.3681019879926300e+03,5.0946405857291588e-01
3.4535803441532122e-04,9.9965464196558473e-01,1.3680941752865479e+03,5.0586636447426669e-01
3.5111757055874274e-04,9.9964888242944128e-01,1.3680862997634106e+03,5.0231584256220807e-01
3.5692298929491326e-04,9.9964307701070509e-01,1.3680783615009466e+03,4.9881167823965422e-01
3.6277423332669315e-04,9.9963722576667335e-01,1.3680703605775029e+03,4.9535307238010906e-01
3.6867124490466642e-04,9.9963132875509531e-01,1.3680622970720460e+03,4.9193924109972925e-01
3.7461396582770979e-04,9.9962538603417228e-01,1.3680541710641587e+03,4.8856941552501648e-01
3.8060233744356632e-04,9.9961939766255647e-01,1.3680459826340423e+03,4.8524284155698438e-01
3.8663630064942559e-04,9.9961336369935061e-01,1.3680377318625124e+03,4.8195877963257272e-01
3.9271579589250763e-04,9.9960728420410749e-01,1.3680294188310013e+03,4.7871650448401171e-01
3.9884076317064812e-04,9.9960115923682935e-01,1.3680210436215552e+03,4.7551530489677774e-01
4.0501114203289336e-04,9.9959498885796716e-01,1.3680126063168341e+03,4.7235448346671338e-01
4.1122687158009433e-04,9.9958877312841987e-01,1.3680041070001105e+03,4.6923335635684266e-01
4.1748789046550995e-04,9.9958251210953453e-01,1.3679955457552694e+03,4.6615125305435012e-01
4.2379413689541234e-04,9.9957620586310458e-01,1.3679869226668070e+03,4.6310751612815526e-01
4.3014554862969403e-04,9.9956985445137025e-01,1.3679782378198292e+03,4.6010150098746722e-01
4.3654206298248625e-04,9.9956345793701751e-01,1.3679694913000526e+03,4.5713257564166065e-01
4.4298361682277356e-04,9.9955701638317718e-01,1.3679606831938015e+03,4.5420012046179059e-01
4.4947014657502170e-04,9.9955052985342496e-01,1.3679518135880082e+03,4.5130352794401268e-01
4.5600158821979930e-04,9.9954399841178021e-01,1.3679428825702123e+03,4.4844220247516647e-01
4.6257787729441559e-04,9.9953742212270558e-01,1.3679338902285594e+03,4.4561556010072667e-01
4.6919894889355107e-04,9.9953080105110648e-01,1.3679248366518002e+03,4.4282302829532705e-01
4.7586473766990270e-04,9.9952413526233008e-01,1.3679157219292899e+03,4.4006404573601504e-01
4.8257517783482587e-04,9.9951742482216521e-01,1.3679065461509870e+03,4.3733806207839238e-01
4.8933020315898579e-04,9.9951066979684100e-01,1.3678973094074527e+03,4.3464453773576234e-01
4.9612974697300970e-04,9.9950387025302700e-01,1.3678880117898500e+03,4.3198294366139883e-01
5.0297374216814463e-04,9.9949702625783188e-01,1.3678786533899429e+03,4.2935276113402554e-01
5.0986212119692178e-04,9.9949013787880303e-01,1.3678692343000944e+03,4.2675348154658316e-01
5.1679481607382061e-04,9.9948320518392619e-01,1.3678597546132680e+03,4.2418460619835208e-01
5.2377175837594160e-04,9.9947622824162408e-01,1.3678502144230235e+03,4.2164564609047733e-01
5.3079287924368110e-04,9.9946920712075626e-01,1.3678406138235193e+03,4.1913612172493742e-01
5.3785810938141050e-04,9.9946214189061855e-01,1.3678309529095093e+03,4.1665556290698785e-01
5.4496737905816055e-04,9.9945503262094182e-01,1.3678212317763428e+03,4.1420350855109606e-01
5.5212061810830989e-04,9.9944787938189172e-01,1.3678114505199635e+03,4.1177950649038292e-01
5.5931775593227710e-04,9.9944068224406768e-01,1.3678016092369080e+03,4.0938311328957128e-01
5.6655872149721732e-04,9.9943344127850275e-01,1.3677917080243064e+03,4.0701389406144028e-01
5.7384344333772372e-04,9.9942615655666223e-01,1.3677817469798795e+03,4.0467142228677483e-01
5.8117184955653266e-04,9.9941882815044347e-01,1.3677717262019389e+03,4.0235527963779566e-01
5.8854386782523362e-04,9.9941145613217475e-01,1.3677616457893851e+03,4.0006505580504897e-01
5.9595942538498209e-04,9.9940404057461507e-01,1.3677515058417084e+03,3.9780034832773109e-01
6.0341844904721889e-04,9.9939658155095279e-01,1.3677413064589855e+03,3.9556076242741922e-01
6.1092086519439154e-04,9.9938907913480557e-01,1.3677310477418803e+03,3.9334591084517628e-01
6.1846659978068207e-04,9.9938153340021929e-01,1.3677207297916423e+03,3.9115541368199180e-01
6.2605557833273601e-04,9.9937394442166727e-01,1.3677103527101056e+03,3.8898889824252414e-01
6.3368772595039926e-04,9.9936631227404960e-01,1.3676999165996876e+03,3.8684599888209986e-01
6.4136296730745563e-04,9.9935863703269256e-01,1.3676894215633884e+03,3.8472635685692791e-01
6.4908122665237160e-04,9.9935091877334759e-01,1.3676788677047900e+03,3.8262962017748425e-01
6.5684242780904398e-04,9.9934315757219094e-01,1.3676682551280546e+03,3.8055544346502035e-01
6.6464649417754987e-04,9.9933535350582248e-01,1.3676575839379243e+03,3.7850348781114684e-01
6.7249334873490502e-04,9.9932750665126513e-01,1.3676468542397192e+03,3.7647342064044409e-01
6.8038291403582369e-04,9.9931961708596417e-01,1.3676360661393371e+03,3.7446491557604872e-01
6.8831511221348004e-04,9.9931168488778654e-01,1.3676252197432520e+03,3.7247765230816821e-01
6.9628986498028185e-04,9.9930371013501973e-01,1.3676143151585138e+03,3.7051131646546726e-01
7.0430709362863831e-04,9.9929569290637132e-01,1.3676033524927464e+03,3.6856559948928075e-01
7.1236671903173896e-04,9.9928763328096826e-01,1.3675923318541463e+03,3.6664019851059604e-01
7.2046866164433507e-04,9.9927953133835568e-01,1.3675812533514836e+03,3.6473481622975523e-01
7.2861284150352421e-04,9.9927138715849650e-01,1.3675701170940981e+03,3.6284916079882529e-01
7.3679917822953855e-04,9.9926320082177045e-01,1.3675589231919002e+03,3.6098294570658351e-01
7.4502759102654031e-04,9.9925497240897343e-01,1.3675476717553693e+03,3.5913588966606630e-01
7.5329799868341710e-04,9.9924670200131660e-01,1.3675363628955524e+03,3.5730771650463128e-01
7.6161031957458383e-04,9.9923838968042544e-01,1.3675249967240634e+03,3.5549815505647964e-01
7.6996447166078903e-04,9.9923003552833922e-01,1.3675135733530822e+03,3.5370693905758926e-01
7.7836037248992461e-04,9.9922163962751009e-01,1.3675020928953525e+03,3.5193380704300792e-01
7.8679793919783864e-04,9.9921320206080211e-01,1.3674905554641816e+03,3.5017850224645652e-01
7.9527708850915427e-04,9.9920472291149087e-01,1.3674789611734398e+03,3.4844077250219396e-01
8.0379773673809162e-04,9.9919620226326189e-01,1.3674673101375579e+03,3.4672037014909357e-01
8.1235979978929124e-04,9.9918764020021067e-01,1.3674556024715264e+03,3.4501705193688526e-01
8.2096319315864866e-04,9.9917903680684139e-01,1.3674438382908961e+03,3.4333057893451269e-01
8.2960783193414375e-04,9.9917039216806580e-01,1.3674320177117741e+03,3.4166071644056334e-01
8.3829363079668262e-04,9.9916170636920332e-01,1.3674201408508250e+03,3.4000723389572052e-01
8.4702050402093662e-04,9.9915297949597903e-01,1.3674082078252684e+03,3.3836990479719725e-01
8.5578836547619056e-04,9.9914421163452383e-01,1.3673962187528787e+03,3.3674850661510264e-01
8.6459712862719086e-04,9.9913540287137281e-01,1.3673841737519831e+03,3.3514282071070073e-01
8.7344670653500211e-04,9.9912655329346500e-01,1.3673720729414606e+03,3.3355263225651699e-01
8.8233701185786275e-04,9.9911766298814209e-01,1.3673599164407419e+03,3.3197773015825116e-01
8.9126795685204872e-04,9.9910873204314798e-01,1.3673477043698067e+03,3.3041790697845447e-01
9.0023945337273817e-04,9.9909976054662730e-01,1.3673354368491828e+03,3.2887295886193130e-01
9.0925141287488242e-04,9.9909074858712510e-01,1.3673231139999455e+03,3.2734268546282447e-01
9.1830374641408037e-04,9.9908169625358589e-01,1.3673107359437170e+03,3.2582688987334651e-01
9.2739636464745311e-04,9.9907260363535255e-01,1.3672983028026633e+03,3.2432537855411786e-01
9.3652917783453027e-04,9.9906347082216551e-01,1.3672858146994947e+03,3.2283796126607417e-01
9.4570209583813298e-04,9.9905429790416189e-01,1.3672732717574636e+03,3.2136445100390715e-01
9.5491502812526273e-04,9.9904508497187472e-01,1.3672606741003638e+03,3.1990466393100259e-01
9.6416788376799849e-04,9.9903583211623204e-01,1.3672480218525291e+03,3.1845841931583896e-01
9.7346057144439061e-04,9.9902653942855557e-01,1.3672353151388318e+03,3.1702553946981576e-01
9.8279299943936191e-04,9.9901720700056063e-01,1.3672225540846828e+03,3.1560584968647420e-01
9.9216507564561687e-04,9.9900783492435441e-01,1.3672097388160275e+03,3.1419917818207915e-01
1.0015767075645470e-03,9.9899842329243549e-01,1.3671968694593486e+03,3.1280535603753062e-01
1.0110278023071450e-03,9.9898897219769289e-01,1.3671839461416605e+03,3.1142421714157253e-01
1.0205182665949208e-03,9.9897948173340512e-01,1.3671709689905115e+03,3.1005559813526778e-01
1.0300480067608237e-03,9.9896995199323912e-01,1.3671579381339807e+03,3.0869933835771052e-01
1.0396169287501650e-03,9.9896038307124979e-01,1.3671448537006777e+03,3.0735527979294608e-01
1.0492249381215480e-03,9.9895077506187846e-01,1.3671317158197403e+03,3.0602326701806887e-01
1.0588719400477997e-03,9.9894112805995217e-01,1.3671185246208340e+03,3.0470314715247199e-01
1.0685578393169054e-03,9.9893144216068308e-01,1.3671052802341512e+03,3.0339476980821978e-01
1.0782825403329499e-03,9.9892171745966707e-01,1.3670919827904079e+03,3.0209798704151763e-01
1.0880459471170594e-03,9.9891195405288291e-01,1.3670786324208450e+03,3.0081265330525159e-01
1.0978479633083509e-03,9.9890215203669164e-01,1.3670652292572247e+03,2.9953862540257431e-01
1.1076884921648828e-03,9.9889231150783508e-01,1.3670517734318314e+03,2.9827576244151083e-01
1.1175674365646070e-03,9.9888243256343534e-01,1.3670382650774686e+03,2.9702392579056103e-01
1.1274846990063309e-03,9.9887251530099364e-01,1.3670247043274580e+03,2.9578297903527379e-01
1.1374401816106776e-03,9.9886255981838934e-01,1.3670110913156391e+03,2.9455278793577194e-01
1.1474337861210537e-03,9.9885256621387897e-01,1.3669974261763666e+03,2.9333322038520276e-01
1.1574654139046171e-03,9.9884253458609540e-01,1.3669837090445096e+03,2.9212414636909440e-01
1.1675349659532508e-03,9.9883246503404677e-01,1.3669699400554514e+03,2.9092543792559522e-01
1.1776423428845424e-03,9.9882235765711547e-01,1.3669561193450854e+03,2.8973696910657637e-01
1.1877874449427606e-03,9.9881221255505725e-01,1.3669422470498173e+03,2.8855861593957566e-01
1.1979701719998454e-03,9.9880202982800015e-01,1.3669283233065607e+03,2.8739025639056404e-01
1.2081904235563907e-03,9.9879180957644365e-01,1.3669143482527377e+03,2.8623177032751546e-01
1.2184480987426406e-03,9.9878155190125739e-01,1.3669003220262757e+03,2.8508303948475927e-01
1.2287430963194813e-03,9.9877125690368052e-01,1.3668862447656084e+03,2.8394394742809936e-01
1.2390753146794425e-03,9.9876092468532052e-01,1.3668721166096723e+03,2.8281437952067984e-01
1.2494446518477021e-03,9.9875055534815227e-01,1.3668579376979071e+03,2.8169422288957985e-01
1.2598510054830875e-03,9.9874014899451691e-01,1.3668437081702527e+03,2.8058336639312281e-01
1.2702942728790895e-03,9.9872970572712094e-01,1.3668294281671488e+03,2.7948170058887933e-01
1.2807743509648745e-03,9.9871922564903515e-01,1.3668150978295332e+03,2.7838911770235131e-01
1.2912911363063041e-03,9.9870870886369367e-01,1.3668007172988405e+03,2.7730551159631828e-01
1.3018445251069515e-03,9.9869815547489305e-01,1.3667862867170011e+03,2.7623077774083310e-01
1.3124344132091305e-03,9.9868756558679084e-01,1.3667718062264385e+03,2.7516481318384928e-01
1.3230606960949209e-03,9.9867693930390511e-01,1.3667572759700697e+03,2.7410751652246751e-01
1.3337232688871998e-03,9.9866627673111275e-01,1.3667426960913022e+03,2.7305878787478555e-01
1.3444220263506795e-03,9.9865557797364934e-01,1.3667280667340337e+03,2.7201852885233724e-01
1.3551568628929424e-03,9.9864484313710711e-01,1.3667133880426502e+03,2.7098664253310861e-01
1.3659276725654856e-03,9.9863407232743451e-01,1.3666986601620238e+03,2.6996303343511596e-01
1.3767343490647666e-03,9.9862326565093529e-01,1.3666838832375133e+03,2.6894760749053337e-01
1.3875767857332510e-03,9.9861242321426680e-01,1.3666690574149609e+03,2.6794027202035758e-01
1.3984548755604654e-03,9.9860154512443955e-01,1.3666541828406916e+03,2.6694093570959748e-01
1.4093685111840554e-03,9.9859063148881599e-01,1.3666392596615110e+03,2.6594950858297528e-01
1.4203175848908440e-03,9.9857968241510919e-01,1.3666242880247053e+03,2.6496590198112924e-01
1.4313019886178936e-03,9.9856869801138215e-01,1.3666092680780382e+03,2.6399002853730474e-01
1.4423216139535734e-03,9.9855767838604648e-01,1.3665941999697509e+03,2.6302180215452398e-01
1.4533763521386300e-03,9.9854662364786140e-01,1.3665790838485591e+03,2.6206113798322228e-01
1.4644660940672622e-03,9.9853553390593275e-01,1.3665639198636532e+03,2.6110795239934048e-01
1.4755907302881933e-03,9.9852440926971175e-01,1.3665487081646950e+03,2.6016216298286404e-01
1.4867501510057541e-03,9.9851324984899426e-01,1.3665334489018187e+03,2.5922368849679728e-01
1.4979442460809683e-03,9.9850205575391904e-01,1.3665181422256262e+03,2.5829244886656338e-01
1.5091729050326363e-03,9.9849082709496739e-01,1.3665027882871891e+03,2.5736836515982153e-01
1.5204360170384284e-03,9.9847956398296156e-01,1.3664873872380440e+03,2.5645135956668946e-01
1.5317334709359753e-03,9.9846826652906406e-01,1.3664719392301929e+03,2.5554135538036532e-01
1.5430651552239677e-03,9.9845693484477605e-01,1.3664564444161017e+03,2.5463827697813651e-01
1.5544309580632577e-03,9.9844556904193671e-01,1.3664409029486978e+03,2.5374204980276954e-01
1.5658307672779587e-03,9.9843416923272199e-01,1.3664253149813694e+03,2.5285260034427104e-01
1.5772644703565570e-03,9.9842273552964345e-01,1.3664096806679636e+03,2.5196985612201145e-01
1.5887319544530183e-03,9.9841126804554703e-01,1.3663940001627843e+03,2.5109374566720427e-01
1.6002331063879039e-03,9.9839976689361210e-01,1.3663782736205919e+03,2.5022419850573202e-01
1.6117678126494890e-03,9.9838823218735051e-01,1.3663625011966010e+03,2.4936114514131094e-01
1.6233359593948783e-03,9.9837666404060510e-01,1.3663466830464793e+03,2.4850451703898890e-01
1.6349374324511334e-03,9.9836506256754887e-01,1.3663308193263454e+03,2.4765424660896596e-01
1.6465721173164001e-03,9.9835342788268355e-01,1.3663149101927679e+03,2.4681026719073360e-01
1.6582398991610348e-03,9.9834176010083897e-01,1.3662989558027634e+03,2.4597251303752338e-01
1.6699406628287422e-03,9.9833005933717123e-01,1.3662829563137952e+03,2.4514091930105908e-01
1.6816742928377076e-03,9.9831832570716228e-01,1.3662669118837721e+03,2.4431542201660586e-01
1.6934406733817408e-03,9.9830655932661827e-01,1.3662508226710461e+03,2.4349595808830907e-01
1.7052396883314152e-03,9.9829476031166864e-01,1.3662346888344109e+03,2.4268246527481768e-01
1.7170712212352180e-03,9.9828292877876479e-01,1.3662185105331009e+03,2.4187488217518449e-01
1.7289351553206949e-03,9.9827106484467931e-01,1.3662022879267899e+03,2.4107314821503859e-01
1.7408313734956066e-03,9.9825916862650443e-01,1.3661860211755886e+03,2.4027720363302305e-01
1.7527597583490823e-03,9.9824724024165090e-01,1.3661697104400423e+03,2.3948698946749317e-01
1.7647201921527783e-03,9.9823527980784721e-01,1.3661533558811323e+03,2.3870244754346792e-01
1.7767125568620434e-03,9.9822328744313793e-01,1.3661369576602710e+03,2.3792352045983112e-01
1.7887367341170785e-03,9.9821126326588294e-01,1.3661205159393028e+03,2.3715015157677596e-01
1.8007926052441081e-03,9.9819920739475587e-01,1.3661040308805000e+03,2.3638228500348715e-01
1.8128800512565520e-03,9.9818711994874343e-01,1.3660875026465642e+03,2.3561986558605649e-01
1.8249989528561967e-03,9.9817500104714385e-01,1.3660709314006222e+03,2.3486283889562667e-01
1.8371491904343778e-03,9.9816285080956557e-01,1.3660543173062249e+03,2.3411115121675791e-01
1.8493306440731550e-03,9.9815066935592689e-01,1.3660376605273477e+03,2.3336474953601322e-01
1.8615431935464983e-03,9.9813845680645352e-01,1.3660209612283857e+03,2.3262358153075771e-01
1.8737867183214740e-03,9.9812621328167850e-01,1.3660042195741541e+03,2.3188759555816663e-01
1.8860610975594378e-03,9.9811393890244060e-01,1.3659874357298868e+03,2.3115674064443845e-01
1.8983662101172199e-03,9.9810163378988281e-01,1.3659706098612332e+03,2.3043096647420874e-01
1.9107019345483290e-03,9.9808929806545166e-01,1.3659537421342579e+03,2.2971022338015987e-01
1.9230681491041424e-03,9.9807693185089585e-01,1.3659368327154386e+03,2.2899446233282331e-01
1.9354647317351170e-03,9.9806453526826489e-01,1.3659198817716644e+03,2.2828363493056916e-01
1.9478915600919871e-03,9.9805210843990799e-01,1.3659028894702342e+03,2.2757769338978101e-01
1.9603485115269725e-03,9.9803965148847307e-01,1.3658858559788557e+03,2.2687659053521045e-01
1.9728354630949925e-03,9.9802716453690499e-01,1.3658687814656414e+03,2.2618027979050800e-01
1.9853522915548759e-03,9.9801464770844517e-01,1.3658516660991111e+03,2.2548871516892730e-01
1.9978988733705795e-03,9.9800210112662946e-01,1.3658345100481858e+03,2.2480185126419838e-01
2.0104750847124053e-03,9.9798952491528758e-01,1.3658173134821889e+03,2.2411964324156705e-01
2.0230808014582249e-03,9.9797691919854181e-01,1.3658000765708439e+03,2.2344204682899590e-01
2.0357158991947035e-03,9.9796428410080529e-01,1.3657827994842717e+03,2.2276901830852533e-01
2.0483802532185271e-03,9.9795161974678148e-01,1.3657654823929906e+03,2.2210051450778934e-01
2.0610737385376343e-03,9.9793892626146241e-01,1.3657481254679135e+03,2.2143649279168481e-01
2.0737962298724489e-03,9.9792620377012753e-01,1.3657307288803454e+03,2.2077691105418942e-01
2.0865476016571193e-03,9.9791345239834284e-01,1.3657132928019839e+03,2.2012172771032634e-01
2.0993277280407529e-03,9.9790067227195922e-01,1.3656958174049164e+03,2.1947090168827230e-01
2.1121364828886619e-03,9.9788786351711134e-01,1.3656783028616178e+03,2.1882439242160606e-01
2.1249737397836073e-03,9.9787502626021640e-01,1.3656607493449496e+03,2.1818215984169473e-01
2.1378393720270449e-03,9.9786216062797295e-01,1.3656431570281582e+03,2.1754416437021448e-01
2.1507332526403810e-03,9.9784926674735963e-01,1.3656255260848720e+03,2.1691036691180368e-01
2.1636552543662173e-03,9.9783634474563376e-01,1.3656078566891019e+03,2.1628072884684574e-01
2.1766052496696147e-03,9.9782339475033044e-01,1.3655901490152373e+03,2.1565521202437846e-01
2.1895831107393471e-03,9.9781041688926064e-01,1.3655724032380460e+03,2.1503377875512755e-01
2.2025887094891650e-03,9.9779741129051081e-01,1.3655546195326717e+03,2.1441639180466257e-01
2.2156219175590596e-03,9.9778437808244091e-01,1.3655367980746321e+03,2.1380301438667176e-01
2.2286826063165296e-03,9.9777131739368352e-01,1.3655189390398184e+03,2.1319361015635405e-01
2.2417706468578491e-03,9.9775822935314218e-01,1.3655010426044914e+03,2.1258814320392597e-01
2.2548859100093412e-03,9.9774511408999067e-01,1.3654831089452821e+03,2.1198657804824078e-01
2.2680282663286545e-03,9.9773197173367134e-01,1.3654651382391880e+03,2.1138887963051761e-01
2.2811975861060374e-03,9.9771880241389399e-01,1.3654471306635735e+03,2.1079501330817915e-01
2.2943937393656213e-03,9.9770560626063443e-01,1.3654290863961655e+03,2.1020494484879487e-01
2.3076165958666995e-03,9.9769238340413335e-01,1.3654110056150539e+03,2.0961864042412828e-01
2.3208660251050174e-03,9.9767913397489494e-01,1.3653928884986883e+03,2.0903606660428564e-01
2.3341418963140569e-03,9.9766585810368591e-01,1.3653747352258779e+03,2.0845719035196492e-01
2.3474440784663291e-03,9.9765255592153368e-01,1.3653565459757879e+03,2.0788197901680239e-01
2.3607724402746675e-03,9.9763922755972534e-01,1.3653383209279384e+03,2.0731040032981510e-01
2.3741268501935213e-03,9.9762587314980644e-01,1.3653200602622044e+03,2.0674242239793750e-01
2.3875071764202557e-03,9.9761249282357978e-01,1.3653017641588103e+03,2.0617801369865074e-01
2.4009132868964530e-03,9.9759908671310360e-01,1.3652834327983314e+03,2.0561714307470175e-01
2.4143450493092139e-03,9.9758565495069074e-01,1.3652650663616912e+03,2.0505977972891146e-01
2.4278023310924679e-03,9.9757219766890748e-01,1.3652466650301587e+03,2.0450589321907012e-01
2.4412849994282755e-03,9.9755871500057169e-01,1.3652282289853481e+03,2.0395545345291788e-01
2.4547929212481441e-03,9.9754520707875183e-01,1.3652097584092148e+03,2.0340843068320921e-01
2.4683259632343382e-03,9.9753167403676568e-01,1.3651912534840569e+03,2.0286479550285913e-01
2.4818839918211953e-03,9.9751811600817886e-01,1.3651727143925098e+03,2.0232451884017058e-01
2.4954668731964505e-03,9.9750453312680354e-01,1.3651541413175476e+03,2.0178757195414007e-01
2.5090744733025461e-03,9.9749092552669749e-01,1.3651355344424783e+03,2.0125392642984183e-01
2.5227066578379620e-03,9.9747729334216206e-01,1.3651168939509446e+03,2.0072355417388721e-01
2.5363632922585423e-03,9.9746363670774141e-01,1.3650982200269204e+03,2.0019642740995905e-01
2.5500442417788170e-03,9.9744995575822115e-01,1.3650795128547104e+03,1.9967251867441943e-01
2.5637493713733389e-03,9.9743625062862662e-01,1.3650607726189460e+03,1.9915180081198888e-01
2.5774785457780103e-03,9.9742252145422194e-01,1.3650419995045863e+03,1.9863424697149668e-01
2.5912316294914241e-03,9.9740876837050862e-01,1.3650231936969146e+03,1.9811983060169966e-01
2.6050084867761947e-03,9.9739499151322386e-01,1.3650043553815360e+03,1.9760852544716948e-01
2.6188089816603045e-03,9.9738119101833966e-01,1.3649854847443771e+03,1.9710030554424635e-01
2.6326329779384396e-03,9.9736736702206152e-01,1.3649665819716840e+03,1.9659514521705790e-01
2.6464803391733371e-03,9.9735351966082664e-01,1.3649476472500189e+03,1.9609301907360294e-01
2.6603509286971332e-03,9.9733964907130290e-01,1.3649286807662606e+03,1.9559390200189716e-01
2.6742446096127089e-03,9.9732575539038726e-01,1.3649096827075996e+03,1.9509776916618179e-01
2.6881612447950416e-03,9.9731183875520490e-01,1.3648906532615399e+03,1.9460459600319208e-01
2.7021006968925608e-03,9.9729789930310742e-01,1.3648715926158941e+03,1.9411435821848605e-01
2.7160628283285034e-03,9.9728393717167152e-01,1.3648525009587831e+03,1.9362703178283103e-01
2.7300475013022664e-03,9.9726995249869776e-01,1.3648333784786339e+03,1.9314259292864844e-01
2.7440545777907745e-03,9.9725594542220919e-01,1.3648142253641774e+03,1.9266101814651426e-01
2.7580839195498375e-03,9.9724191608045021e-01,1.3647950418044479e+03,1.9218228418171510e-01
2.7721353881155174e-03,9.9722786461188451e-01,1.3647758279887785e+03,1.9170636803085869e-01
2.7862088448054917e-03,9.9721379115519448e-01,1.3647565841068022e+03,1.9123324693853797e-01
2.8003041507204240e-03,9.9719969584927959e-01,1.3647373103484481e+03,1.9076289839404678e-01
2.8144211667453351e-03,9.9718557883325465e-01,1.3647180069039409e+03,1.9029530012814785e-01
2.8285597535509764e-03,9.9717144024644899e-01,1.3646986739637973e+03,1.8983043010989101e-01
2.8427197715952045e-03,9.9715728022840477e-01,1.3646793117188258e+03,1.8936826654348080e-01
2.8569010811243579e-03,9.9714309891887565e-01,1.3646599203601240e+03,1.8890878786519316e-01
2.8711035421746366e-03,9.9712889645782532e-01,1.3646405000790769e+03,1.8845197274033981e-01
2.8853270145734839e-03,9.9711467298542655e-01,1.3646210510673548e+03,1.8799780006027977e-01
2.8995713579409678e-03,9.9710042864205906e-01,1.3646015735169110e+03,1.8754624893947680e-01
2.9138364316911732e-03,9.9708616356830881e-01,1.3645820676199817e+03,1.8709729871260225e-01
2.9281220950335787e-03,9.9707187790496643e-01,1.3645625335690822e+03,1.8665092893168306e-01
2.9424282069744558e-03,9.9705757179302557e-01,1.3645429715570056e+03,1.8620711936329234e-01
2.9567546263182544e-03,9.9704324537368172e-01,1.3645233817768208e+03,1.8576584998578427e-01
2.9711012116689999e-03,9.9702889878833101e-01,1.3645037644218712e+03,1.8532710098657007e-01
2.9854678214316865e-03,9.9701453217856828e-01,1.3644841196857724e+03,1.8489085275943631e-01
2.9998543138136761e-03,9.9700014568618633e-01,1.3644644477624099e+03,1.8445708590190363e-01
3.0142605468260974e-03,9.9698573945317392e-01,1.3644447488459373e+03,1.8402578121262536e-01
3.0286863782852448e-03,9.9697131362171476e-01,1.3644250231307753e+03,1.8359691968882608e-01
3.0431316658139874e-03,9.9695686833418606e-01,1.3644052708116089e+03,1.8317048252377782e-01
3.0575962668431688e-03,9.9694240373315679e-01,1.3643854920833849e+03,1.8274645110431564e-01
3.0720800386130169e-03,9.9692791996138697e-01,1.3643656871413120e+03,1.8232480700838929e-01
3.0865828381745511e-03,9.9691341716182547e-01,1.3643458561808568e+03,1.8190553200265230e-01
3.1011045223909945e-03,9.9689889547760902e-01,1.3643259993977426e+03,1.8148860804008701e-01
3.1156449479391867e-03,9.9688435505206086e-01,1.3643061169879481e+03,1.8107401725766473e-01
3.1302039713109980e-03,9.9686979602868897e-01,1.3642862091477045e+03,1.8066174197404122e-01
3.1447814488147451e-03,9.9685521855118531e-01,1.3642662760734945e+03,1.8025176468728585e-01
3.1593772365766095e-03,9.9684062276342345e-01,1.3642463179620490e+03,1.7984406807264519e-01
3.1739911905420606e-03,9.9682600880945793e-01,1.3642263350103469e+03,1.7943863498033880e-01
3.1886231664772714e-03,9.9681137683352272e-01,1.3642063274156114e+03,1.7903544843338806e-01
3.2032730199705460e-03,9.9679672698002941e-01,1.3641862953753098e+03,1.7863449162547704e-01
3.2179406064337464e-03,9.9678205939356623e-01,1.3641662390871506e+03,1.7823574791884428e-01
3.2326257811037141e-03,9.9676737421889627e-01,1.3641461587490801e+03,1.7783920084220628e-01
3.2473283990437050e-03,9.9675267160095626e-01,1.3641260545592843e+03,1.7744483408871028e-01
3.2620483151448157e-03,9.9673795168485524e-01,1.3641059267161829e+03,1.7705263151391801e-01
3.2767853841274151e-03,9.9672321461587254e-01,1.3640857754184294e+03,1.7666257713381811e-01
3.2915394605425828e-03,9.9670846053945739e-01,1.3640656008649094e+03,1.7627465512286739e-01
3.3063103987735426e-03,9.9669368960122651e-01,1.3640454032547375e+03,1.7588884981206099e-01
3.3210980530370966e-03,9.9667890194696296e-01,1.3640251827872560e+03,1.7550514568702991e-01
3.3359022773850667e-03,9.9666409772261488e-01,1.3640049396620323e+03,1.7512352738616652e-01
3.3507229257057360e-03,9.9664927707429429e-01,1.3639846740788585e+03,1.7474397969877625e-01
3.3655598517252877e-03,9.9663444014827474e-01,1.3639643862377470e+03,1.7436648756325693e-01
3.3804129090092526e-03,9.9661958709099074e-01,1.3639440763389314e+03,1.7399103606530308e-01
3.3952819509639534e-03,9.9660471804903605e-01,1.3639237445828619e+03,1.7361761043613669e-01
3.4101668308379458e-03,9.9658983316916205e-01,1.3639033911702045e+03,1.7324619605076316e-01
3.4250674017234769e-03,9.9657493259827656e-01,1.3638830163018392e+03,1.7287677842625146e-01
3.4399835165579251e-03,9.9656001648344206e-01,1.3638626201788579e+03,1.7250934322003955e-01
3.4549150281252628e-03,9.9654508497187477e-01,1.3638422030025624e+03,1.7214387622826299e-01
3.4698617890574963e-03,9.9653013821094250e-01,1.3638217649744611e+03,1.7178036338410829e-01
3.4848236518361300e-03,9.9651517634816389e-01,1.3638013062962698e+03,1.7141879075618818e-01
3.4998004687936193e-03,9.9650019953120639e-01,1.3637808271699075e+03,1.7105914454694074e-01
3.5147920921148258e-03,9.9648520790788520e-01,1.3637603277974943e+03,1.7070141109105080e-01
3.5297983738384808e-03,9.9647020162616151e-01,1.3637398083813514e+03,1.7034557685389304e-01
3.5448191658586413e-03,9.9645518083414131e-01,1.3637192691239964e+03,1.6999162842999749e-01
3.5598543199261545e-03,9.9644014568007389e-01,1.3636987102281444e+03,1.6963955254153618e-01
3.5749036876501195e-03,9.9642509631234988e-01,1.3636781318967023e+03,1.6928933603683075e-01
3.5899671204993530e-03,9.9641003287950070e-01,1.3636575343327709e+03,1.6894096588888094e-01
3.6050444698038538e-03,9.9639495553019619e-01,1.3636369177396393e+03,1.6859442919391349e-01
3.6201355867562712e-03,9.9637986441324378e-01,1.3636162823207853e+03,1.6824971316995113e-01
3.6352403224133747e-03,9.9636475967758664e-01,1.3635956282798716e+03,1.6790680515540146e-01
3.6503585276975187e-03,9.9634964147230243e-01,1.3635749558207456e+03,1.6756569260766485e-01
3.6654900533981227e-03,9.9633450994660189e-01,1.3635542651474366e+03,1.6722636310176195e-01
3.6806347501731362e-03,9.9631936524982689e-01,1.3635335564641525e+03,1.6688880432897982e-01
3.6957924685505164e-03,9.9630420753144944e-01,1.3635128299752796e+03,1.6655300409553661e-01
3.7109630589297004e-03,9.9628903694107029e-01,1.3634920858853807e+03,1.6621895032126469e-01
3.7261463715830890e-03,9.9627385362841692e-01,1.3634713243991910e+03,1.6588663103831117e-01
3.7413422566575137e-03,9.9625865774334244e-01,1.3634505457216178e+03,1.6555603438985689e-01
3.7565505641757252e-03,9.9624344943582432e-01,1.3634297500577388e+03,1.6522714862885216e-01
3.7717711440378677e-03,9.9622822885596218e-01,1.3634089376127986e+03,1.6489996211677002e-01
3.7870038460229623e-03,9.9621299615397707e-01,1.3633881085922076e+03,1.6457446332237613e-01
3.8022485197903907e-03,9.9619775148020961e-01,1.3633672632015400e+03,1.6425064082051535e-01
3.8175050148813762e-03,9.9618249498511857e-01,1.3633464016465309e+03,1.6392848329091469e-01
3.8327731807204723e-03,9.9616722681927949e-01,1.3633255241330760e+03,1.6360797951700226e-01
3.8480528666170466e-03,9.9615194713338295e-01,1.3633046308672276e+03,1.6328911838474205e-01
3.8633439217667675e-03,9.9613665607823321e-01,1.3632837220551939e+03,1.6297188888148451e-01
3.8786461952530944e-03,9.9612135380474687e-01,1.3632627979033364e+03,1.6265628009483210e-01
3.8939595360487633e-03,9.9610604046395124e-01,1.3632418586181682e+03,1.6234228121152042e-01
3.9092837930172868e-03,9.9609071620698275e-01,1.3632209044063513e+03,1.6202988151631370e-01
3.9246188149144323e-03,9.9607538118508554e-01,1.3631999354746954e+03,1.6171907039091549e-01
3.9399644503897262e-03,9.9606003554961031e-01,1.3631789520301556e+03,1.6140983731289313e-01
3.9553205479879415e-03,9.9604467945201203e-01,1.3631579542798299e+03,1.6110217185461731e-01
3.9706869561505929e-03,9.9602931304384945e-01,1.3631369424309576e+03,1.6079606368221469e-01
3.9860635232174379e-03,9.9601393647678260e-01,1.3631159166909169e+03,1.6049150255453479e-01
4.0014500974279651e-03,9.9599854990257208e-01,1.3630948772672239e+03,1.6018847832213054e-01
4.0168465269228995e-03,9.9598315347307709e-01,1.3630738243675287e+03,1.5988698092625198e-01
4.0322526597456982e-03,9.9596774734025428e-01,1.3630527581996153e+03,1.5958700039785295e-01
4.0476683438440495e-03,9.9595233165615593e-01,1.3630316789713979e+03,1.5928852685661135e-01
4.0630934270713768e-03,9.9593690657292866e-01,1.3630105868909204e+03,1.5899155050996139e-01
4.0785277571883331e-03,9.9592147224281169e-01,1.3629894821663529e+03,1.5869606165213906e-01
4.0939711818643136e-03,9.9590602881813572e-01,1.3629683650059906e+03,1.5840205066323976e-01
4.1094235486789496e-03,9.9589057645132106e-01,1.3629472356182512e+03,1.5810950800828782e-01
4.1248847051236198e-03,9.9587511529487638e-01,1.3629260942116734e+03,1.5781842423631867e-01
4.1403544986029521e-03,9.9585964550139705e-01,1.3629049409949141e+03,1.5752878997947223e-01
4.1558327764363310e-03,9.9584416722356361e-01,1.3628837761767472e+03,1.5724059595209841e-01
4.1713193858594014e-03,9.9582868061414065e-01,1.3628625999660610e+03,1.5695383294987383e-01
4.1868141740255818e-03,9.9581318582597445e-01,1.3628414125718559e+03,1.5666849184893000e-01
4.2023169880075683e-03,9.9579768301199245e-01,1.3628202142032430e+03,1.5638456360499256e-01
4.2178276747988457e-03,9.9578217232520116e-01,1.3627990050694418e+03,1.5610203925253172e-01
4.2333460813151966e-03,9.9576665391868480e-01,1.3627777853797777e+03,1.5582090990392308e-01
4.2488720543962149e-03,9.9575112794560383e-01,1.3627565553436807e+03,1.5554116674861962e-01
4.2644054408068136e-03,9.9573559455919314e-01,1.3627353151706823e+03,1.5526280105233392e-01
4.2799460872387394e-03,9.9572005391276130e-01,1.3627140650704152e+03,1.5498580415623076e-01
4.2954938403120873e-03,9.9570450615968786e-01,1.3626928052526082e+03,1.5471016747612998e-01
4.3110485465768103e-03,9.9568895145342318e-01,1.3626715359270877e+03,1.5443588250171941e-01
4.3266100525142367e-03,9.9567338994748578e-01,1.3626502573037737e+03,1.5416294079577755e-01
4.3421782045385869e-03,9.9565782179546136e-01,1.3626289695926771e+03,1.5389133399340635e-01
4.3577528489984856e-03,9.9564224715100147e-01,1.3626076730038992e+03,1.5362105380127314e-01
4.3733338321784790e-03,9.9562666616782147e-01,1.3625863677476286e+03,1.5335209199686253e-01
4.3889210003005535e-03,9.9561107899969947e-01,1.3625650540341401e+03,1.5308444042773731e-01
4.4045141995256512e-03,9.9559548580047430e-01,1.3625437320737906e+03,1.5281809101080876e-01
4.4201132759551934e-03,9.9557988672404485e-01,1.3625224020770202e+03,1.5255303573161580e-01
4.4357180756325922e-03,9.9556428192436741e-01,1.3625010642543464e+03,1.5228926664361356e-01
4.4513284445447743e-03,9.9554867155545523e-01,1.3624797188163654e+03,1.5202677586747007e-01
4.4669442286237003e-03,9.9553305577137630e-01,1.3624583659737480e+03,1.5176555559037247e-01
4.4825652737478872e-03,9.9551743472625209e-01,1.3624370059372382e+03,1.5150559806534086e-01
4.4981914257439257e-03,9.9550180857425608e-01,1.3624156389176510e+03,1.5124689561055160e-01
4.5138225303880033e-03,9.9548617746961199e-01,1.3623942651258699e+03,1.5098944060866815e-01
4.5294584334074281e-03,9.9547054156659254e-01,1.3623728847728460e+03,1.5073322550618040e-01
4.5450989804821504e-03,9.9545490101951783e-01,1.3623514980695945e+03,1.5047824281275218e-01
4.5607440172462845e-03,9.9543925598275373e-01,1.3623301052271936e+03,1.5022448510057668e-01
4.5763933892896333e-03,9.9542360661071039e-01,1.3623087064567821e+03,1.4997194500373964e-01
4.5920469421592133e-03,9.9540795305784080e-01,1.3622873019695571e+03,1.4972061521759053e-01
4.6077045213607747e-03,9.9539229547863928e-01,1.3622658919767723e+03,1.4947048849812103e-01
4.6233659723603363e-03,9.9537663402763965e-01,1.3622444766897356e+03,1.4922155766135131e-01
4.6390311405856968e-03,9.9536096885941427e-01,1.3622230563198075e+03,1.4897381558272374e-01
4.6546998714279706e-03,9.9534530012857203e-01,1.3622016310783979e+03,1.4872725519650390e-01
4.6703720102431109e-03,9.9532962798975688e-01,1.3621802011769657e+03,1.4848186949518857e-01
4.6860474023534332e-03,9.9531395259764655e-01,1.3621587668270154e+03,1.4823765152892124e-01
4.7017258930491454e-03,9.9529827410695082e-01,1.3621373282400953e+03,1.4799459440491461e-01
4.7174073275898770e-03,9.9528259267241015e-01,1.3621158856277955e+03,1.4775269128687946e-01
4.7330915512061970e-03,9.9526690844879384e-01,1.3620944392017461e+03,1.4751193539446103e-01
4.7487784091011518e-03,9.9525122159089885e-01,1.3620729891736144e+03,1.4727232000268201e-01
4.7644677464517863e-03,9.9523553225354822e-01,1.3620515357551035e+03,1.4703383844139176e-01
4.7801594084106759e-03,9.9521984059158930e-01,1.3620300791579502e+03,1.4679648409472251e-01
4.7958532401074488e-03,9.9520414675989255e-01,1.3620086195939227e+03,1.4656025040055190e-01
4.8115490866503267e-03,9.9518845091334962e-01,1.3619871572748177e+03,1.4632513084997181e-01
4.8272467931276385e-03,9.9517275320687237e-01,1.3619656924124599e+03,1.4609111898676366e-01
4.8429462046093580e-03,9.9515705379539066e-01,1.3619442252186989e+03,1.4585820840687969e-01
4.8586471661486337e-03,9.9514135283385141e-01,1.3619227559054070e+03,1.4562639275793043e-01
4.8743495227833123e-03,9.9512565047721668e-01,1.3619012846844776e+03,1.4539566573867851e-01
4.8900531195374746e-03,9.9510994688046250e-01,1.3618798117678234e+03,1.4516602109853774e-01
4.9057578014229594e-03,9.9509424219857701e-01,1.3618583373673730e+03,1.4493745263707888e-01
4.9214634134408970e-03,9.9507853658655909e-01,1.3618368616950704e+03,1.4470995420354049e-01
4.9371698005832359e-03,9.9506283019941677e-01,1.3618153849628718e+03,1.4448351969634612e-01
4.9528768078342797e-03,9.9504712319216571e-01,1.3617939073827436e+03,1.4425814306262633e-01
4.9685842801722047e-03,9.9503141571982778e-01,1.3617724291666609e+03,1.4403381829774733e-01
4.9842920625706019e-03,9.9501570793742944e-01,1.3617509505266050e+03,1.4381053944484415e-01
4.9999999999999992e-03,9.9500000000000000e-01,1.3617294716745616e+03,1.4358830059435970e-01
5.0157079374293983e-03,9.9498429206257055e-01,1.3617079928225182e+03,1.4336709588358917e-01
5.0314157198277946e-03,9.9496858428017221e-01,1.3616865141824624e+03,1.4314691949622949e-01
5.0471231921657205e-03,9.9495287680783429e-01,1.3616650359663797e+03,1.4292776566193408e-01
5.0628301994167634e-03,9.9493716980058322e-01,1.3616435583862515e+03,1.4270962865587297e-01
5.0785365865591023e-03,9.9492146341344090e-01,1.3616220816540529e+03,1.4249250279829748e-01
5.0942421985770408e-03,9.9490575780142299e-01,1.3616006059817503e+03,1.4227638245411028e-01
5.1099468804625247e-03,9.9489005311953749e-01,1.3615791315812999e+03,1.4206126203244049e-01
5.1256504772166870e-03,9.9487434952278331e-01,1.3615576586646457e+03,1.4184713598622295e-01
5.1413528338513656e-03,9.9485864716614858e-01,1.3615361874437162e+03,1.4163399881178326e-01
5.1570537953906414e-03,9.9484294620460934e-01,1.3615147181304244e+03,1.4142184504842675e-01
5.1727532068723617e-03,9.9482724679312762e-01,1.3614932509366633e+03,1.4121066927803250e-01
5.1884509133496726e-03,9.9481154908665037e-01,1.3614717860743056e+03,1.4100046612465195e-01
5.2041467598925506e-03,9.9479585324010744e-01,1.3614503237552005e+03,1.4079123025411194e-01
5.2198405915893243e-03,9.9478015940841069e-01,1.3614288641911730e+03,1.4058295637362242e-01
5.2355322535482130e-03,9.9476446774645177e-01,1.3614074075940198e+03,1.4037563923138824e-01
5.2512215908988467e-03,9.9474877840910114e-01,1.3613859541755091e+03,1.4016927361622589e-01
5.2669084487938023e-03,9.9473309155120615e-01,1.3613645041473774e+03,1.3996385435718398e-01
5.2825926724101224e-03,9.9471740732758984e-01,1.3613430577213278e+03,1.3975937632316829e-01
5.2982741069508531e-03,9.9470172589304917e-01,1.3613216151090282e+03,1.3955583442257097e-01
5.3139525976465670e-03,9.9468604740235345e-01,1.3613001765221079e+03,1.3935322360290398e-01
5.3296279897568901e-03,9.9467037201024311e-01,1.3612787421721575e+03,1.3915153885043624e-01
5.3453001285720296e-03,9.9465469987142796e-01,1.3612573122707254e+03,1.3895077518983553e-01
5.3609688594143034e-03,9.9463903114058572e-01,1.3612358870293158e+03,1.3875092768381359e-01
5.3766340276396631e-03,9.9462336597236034e-01,1.3612144666593877e+03,1.3855199143277580e-01
5.3922954786392238e-03,9.9460770452136082e-01,1.3611930513723512e+03,1.3835396157447430e-01
5.4079530578407878e-03,9.9459204694215919e-01,1.3611716413795664e+03,1.3815683328366526e-01
5.4236066107103678e-03,9.9457639338928960e-01,1.3611502368923411e+03,1.3796060177176991e-01
5.4392559827537157e-03,9.9456074401724626e-01,1.3611288381219297e+03,1.3776526228653896e-01
5.4549010195178499e-03,9.9454509898048216e-01,1.3611074452795287e+03,1.3757081011172126e-01
5.4705415665925721e-03,9.9452945843340745e-01,1.3610860585762773e+03,1.3737724056673559e-01
5.4861774696119969e-03,9.9451382253038800e-01,1.3610646782232534e+03,1.3718454900634663e-01
5.5018085742560754e-03,9.9449819142574392e-01,1.3610433044314723e+03,1.3699273082034369e-01
5.5174347262521130e-03,9.9448256527374790e-01,1.3610219374118851e+03,1.3680178143322388e-01
5.5330557713762999e-03,9.9446694422862369e-01,1.3610005773753753e+03,1.3661169630387798e-01
5.5486715554552259e-03,9.9445132844454476e-01,1.3609792245327578e+03,1.3642247092528015e-01
5.5642819243674081e-03,9.9443571807563258e-01,1.3609578790947769e+03,1.3623410082418091e-01
5.5798867240448068e-03,9.9442011327595514e-01,1.3609365412721031e+03,1.3604658156080335e-01
5.5954858004743490e-03,9.9440451419952569e-01,1.3609152112753327e+03,1.3585990872854295e-01
5.6110789996994485e-03,9.9438892100030052e-01,1.3608938893149832e+03,1.3567407795367029e-01
5.6266661678215212e-03,9.9437333383217852e-01,1.3608725756014946e+03,1.3548908489503717e-01
5.6422471510015147e-03,9.9435775284899852e-01,1.3608512703452241e+03,1.3530492524378582e-01
5.6578217954614115e-03,9.9434217820453863e-01,1.3608299737564462e+03,1.3512159472306140e-01
5.6733899474857635e-03,9.9432661005251421e-01,1.3608086860453495e+03,1.3493908908772742e-01
5.6889514534231899e-03,9.9431104854657681e-01,1.3607874074220356e+03,1.3475740412408424e-01
5.7045061596879129e-03,9.9429549384031213e-01,1.3607661380965151e+03,1.3457653564959082e-01
5.7200539127612617e-03,9.9427994608723869e-01,1.3607448782787085e+03,1.3439647951258901e-01
5.7355945591931867e-03,9.9426440544080685e-01,1.3607236281784410e+03,1.3421723159203119e-01
5.7511279456037854e-03,9.9424887205439616e-01,1.3607023880054426e+03,1.3403878779721073e-01
5.7666539186848045e-03,9.9423334608131519e-01,1.3606811579693456e+03,1.3386114406749514e-01
5.7821723252011546e-03,9.9421782767479883e-01,1.3606599382796815e+03,1.3368429637206222e-01
5.7976830119924327e-03,9.9420231698800754e-01,1.3606387291458802e+03,1.3350824070963904e-01
5.8131858259744184e-03,9.9418681417402555e-01,1.3606175307772673e+03,1.3333297310824349e-01
5.8286806141405988e-03,9.9417131938585945e-01,1.3605963433830625e+03,1.3315848962492891e-01
5.8441672235636701e-03,9.9415583277643638e-01,1.3605751671723763e+03,1.3298478634553096e-01
5.8596455013970481e-03,9.9414035449860294e-01,1.3605540023542092e+03,1.3281185938441770e-01
5.8751152948763805e-03,9.9412488470512361e-01,1.3605328491374501e+03,1.3263970488424168e-01
5.8905764513210515e-03,9.9410942354867893e-01,1.3605117077308721e+03,1.3246831901569528e-01
5.9060288181356883e-03,9.9409397118186427e-01,1.3604905783431327e+03,1.3229769797726817e-01
5.9214722428116671e-03,9.9407852775718830e-01,1.3604694611827704e+03,1.3212783799500749e-01
5.9369065729286243e-03,9.9406309342707133e-01,1.3604483564582029e+03,1.3195873532228045e-01
5.9523316561559490e-03,9.9404766834384406e-01,1.3604272643777254e+03,1.3179038623953951e-01
5.9677473402543011e-03,9.9403225265974571e-01,1.3604061851495080e+03,1.3162278705409006e-01
5.9831534730771007e-03,9.9401684652692290e-01,1.3603851189815946e+03,1.3145593409986020e-01
5.9985499025720359e-03,9.9400145009742802e-01,1.3603640660818996e+03,1.3128982373717346e-01
6.0139364767825632e-03,9.9398606352321739e-01,1.3603430266582063e+03,1.3112445235252329e-01
6.0293130438494073e-03,9.9397068695615054e-01,1.3603220009181659e+03,1.3095981635835030e-01
6.0446794520120596e-03,9.9395532054798796e-01,1.3603009890692936e+03,1.3079591219282166e-01
6.0600355496102740e-03,9.9393996445038968e-01,1.3602799913189676e+03,1.3063273631961272e-01
6.0753811850855679e-03,9.9392461881491445e-01,1.3602590078744279e+03,1.3047028522769108e-01
6.0907162069827126e-03,9.9390928379301724e-01,1.3602380389427719e+03,1.3030855543110262e-01
6.1060404639512360e-03,9.9389395953604875e-01,1.3602170847309551e+03,1.3014754346875998e-01
6.1213538047469067e-03,9.9387864619525312e-01,1.3601961454457869e+03,1.2998724590423305e-01
6.1366560782332323e-03,9.9386334392176678e-01,1.3601752212939293e+03,1.2982765932554169e-01
6.1519471333829536e-03,9.9384805286661704e-01,1.3601543124818957e+03,1.2966878034495044e-01
6.1672268192795275e-03,9.9383277318072050e-01,1.3601334192160473e+03,1.2951060559876573e-01
6.1824949851186240e-03,9.9381750501488142e-01,1.3601125417025924e+03,1.2935313174713442e-01
6.1977514802096078e-03,9.9380224851979038e-01,1.3600916801475835e+03,1.2919635547384525e-01
6.2129961539770361e-03,9.9378700384602292e-01,1.3600708347569157e+03,1.2904027348613159e-01
6.2282288559621299e-03,9.9377177114403792e-01,1.3600500057363249e+03,1.2888488251447675e-01
6.2434494358242732e-03,9.9375655056417578e-01,1.3600291932913844e+03,1.2873017931242081e-01
6.2586577433424856e-03,9.9374134225665756e-01,1.3600083976275055e+03,1.2857616065636981e-01
6.2738536284169099e-03,9.9372614637158307e-01,1.3599876189499323e+03,1.2842282334540647e-01
6.2890369410702985e-03,9.9371096305892970e-01,1.3599668574637426e+03,1.2827016420110321e-01
6.3042075314494843e-03,9.9369579246855055e-01,1.3599461133738437e+03,1.2811818006733672e-01
6.3193652498268627e-03,9.9368063475017310e-01,1.3599253868849710e+03,1.2796686781010466e-01
6.3345099466018762e-03,9.9366549005339810e-01,1.3599046782016867e+03,1.2781622431734410e-01
6.3496414723024806e-03,9.9365035852769756e-01,1.3598839875283777e+03,1.2766624649875158e-01
6.3647596775866259e-03,9.9363524032241335e-01,1.3598633150692517e+03,1.2751693128560548e-01
6.3798644132437281e-03,9.9362013558675633e-01,1.3598426610283382e+03,1.2736827563058961e-01
6.3949555301961456e-03,9.9360504446980380e-01,1.3598220256094839e+03,1.2722027650761894e-01
6.4100328795006472e-03,9.9358996712049941e-01,1.3598014090163526e+03,1.2707293091166674e-01
6.4250963123498803e-03,9.9357490368765011e-01,1.3597808114524212e+03,1.2692623585859400e-01
6.4401456800738449e-03,9.9355985431992611e-01,1.3597602331209789e+03,1.2678018838497981e-01
6.4551808341413589e-03,9.9354481916585868e-01,1.3597396742251269e+03,1.2663478554795402e-01
6.4702016261615194e-03,9.9352979837383848e-01,1.3597191349677719e+03,1.2649002442503135e-01
6.4852079078851731e-03,9.9351479209211480e-01,1.3596986155516290e+03,1.2634590211394697e-01
6.5001995312063809e-03,9.9349980046879360e-01,1.3596781161792157e+03,1.2620241573249408e-01
6.5151763481638694e-03,9.9348482365183610e-01,1.3596576370528535e+03,1.2605956241836269e-01
6.5301382109425035e-03,9.9346986178905750e-01,1.3596371783746622e+03,1.2591733932898036e-01
6.5450849718747374e-03,9.9345491502812522e-01,1.3596167403465611e+03,1.2577574364135422e-01
6.5600164834420738e-03,9.9343998351655793e-01,1.3595963231702654e+03,1.2563477255191469e-01
6.5749325982765233e-03,9.9342506740172343e-01,1.3595759270472840e+03,1.2549442327636071e-01
6.5898331691620540e-03,9.9341016683083794e-01,1.3595555521789188e+03,1.2535469304950650e-01
6.6047180490360468e-03,9.9339528195096394e-01,1.3595351987662614e+03,1.2521557912512973e-01
6.6195870909907459e-03,9.9338041290900925e-01,1.3595148670101919e+03,1.2507707877582136e-01
6.6344401482747121e-03,9.9336555985172525e-01,1.3594945571113763e+03,1.2493918929283668e-01
6.6492770742942646e-03,9.9335072292570570e-01,1.3594742692702648e+03,1.2480190798594810e-01
6.6640977226149322e-03,9.9333590227738511e-01,1.3594540036870910e+03,1.2466523218329918e-01
6.6789019469629032e-03,9.9332109805303714e-01,1.3594337605618675e+03,1.2452915923126004e-01
6.6936896012264567e-03,9.9330631039877360e-01,1.3594135400943858e+03,1.2439368649428437e-01
6.7084605394574174e-03,9.9329153946054261e-01,1.3593933424842139e+03,1.2425881135476768e-01
6.7232146158725846e-03,9.9327678538412745e-01,1.3593731679306939e+03,1.2412453121290699e-01
6.7379516848551846e-03,9.9326204831514486e-01,1.3593530166329406e+03,1.2399084348656168e-01
6.7526716009562952e-03,9.9324732839904373e-01,1.3593328887898390e+03,1.2385774561111616e-01
6.7673742188962853e-03,9.9323262578110372e-01,1.3593127846000432e+03,1.2372523503934321e-01
6.7820593935662534e-03,9.9321794060643376e-01,1.3592927042619731e+03,1.2359330924126918e-01
6.7967269800294529e-03,9.9320327301997058e-01,1.3592726479738135e+03,1.2346196570404035e-01
6.8113768335227292e-03,9.9318862316647727e-01,1.3592526159335118e+03,1.2333120193179022e-01
6.8260088094579388e-03,9.9317399119054206e-01,1.3592326083387763e+03,1.2320101544550867e-01
6.8406227634233898e-03,9.9315937723657666e-01,1.3592126253870742e+03,1.2307140378291183e-01
6.8552185511852534e-03,9.9314478144881480e-01,1.3591926672756288e+03,1.2294236449831367e-01
6.8697960286890018e-03,9.9313020397131102e-01,1.3591727342014187e+03,1.2281389516249820e-01
6.8843550520608131e-03,9.9311564494793914e-01,1.3591528263611751e+03,1.2268599336259373e-01
6.8988954776090048e-03,9.9310110452239098e-01,1.3591329439513806e+03,1.2255865670194746e-01
6.9134171618254478e-03,9.9308658283817453e-01,1.3591130871682667e+03,1.2243188280000186e-01
6.9279199613869824e-03,9.9307208003861303e-01,1.3590932562078112e+03,1.2230566929217199e-01
6.9424037331568302e-03,9.9305759626684320e-01,1.3590734512657384e+03,1.2218001382972403e-01
6.9568683341860128e-03,9.9304313166581404e-01,1.3590536725375146e+03,1.2205491407965489e-01
6.9713136217147559e-03,9.9302868637828523e-01,1.3590339202183479e+03,1.2193036772457312e-01
6.9857394531739024e-03,9.9301426054682607e-01,1.3590141945031860e+03,1.2180637246258069e-01
7.0001456861863232e-03,9.9299985431381366e-01,1.3589944955867134e+03,1.2168292600715624e-01
7.0145321785683133e-03,9.9298546782143171e-01,1.3589748236633509e+03,1.2156002608703903e-01
7.0288987883309999e-03,9.9297110121166898e-01,1.3589551789272521e+03,1.2143767044611437e-01
7.0432453736817445e-03,9.9295675462631827e-01,1.3589355615723027e+03,1.2131585684329975e-01
7.0575717930255431e-03,9.9294242820697443e-01,1.3589159717921177e+03,1.2119458305243239e-01
7.0718779049664202e-03,9.9292812209503356e-01,1.3588964097800413e+03,1.2107384686215754e-01
7.0861635683088257e-03,9.9291383643169118e-01,1.3588768757291416e+03,1.2095364607581816e-01
7.1004286420590316e-03,9.9289957135794094e-01,1.3588573698322123e+03,1.2083397851134516e-01
7.1146729854265154e-03,9.9288532701457344e-01,1.3588378922817687e+03,1.2071484200114922e-01
7.1288964578253636e-03,9.9287110354217467e-01,1.3588184432700464e+03,1.2059623439201315e-01
7.1430989188756410e-03,9.9285690108112434e-01,1.3587990229889992e+03,1.2047815354498560e-01
7.1572802284047953e-03,9.9284271977159522e-01,1.3587796316302977e+03,1.2036059733527543e-01
7.1714402464490238e-03,9.9282855975355100e-01,1.3587602693853260e+03,1.2024356365214742e-01
7.1855788332546638e-03,9.9281442116674534e-01,1.3587409364451826e+03,1.2012705039881859e-01
7.1996958492795762e-03,9.9280030415072040e-01,1.3587216330006752e+03,1.2001105549235576e-01
7.2137911551945072e-03,9.9278620884480551e-01,1.3587023592423211e+03,1.1989557686357398e-01
7.2278646118844811e-03,9.9277213538811548e-01,1.3586831153603448e+03,1.1978061245693573e-01
7.2419160804501606e-03,9.9275808391954989e-01,1.3586639015446756e+03,1.1966616023045136e-01
7.2559454222092257e-03,9.9274405457779080e-01,1.3586447179849458e+03,1.1955221815558018e-01
7.2699524986977338e-03,9.9273004750130223e-01,1.3586255648704894e+03,1.1943878421713261e-01
7.2839371716714989e-03,9.9271606282832847e-01,1.3586064423903401e+03,1.1932585641317310e-01
7.2978993031074394e-03,9.9270210069689258e-01,1.3585873507332292e+03,1.1921343275492415e-01
7.3118387552049578e-03,9.9268816124479509e-01,1.3585682900875836e+03,1.1910151126667096e-01
7.3257553903872917e-03,9.9267424460961273e-01,1.3585492606415237e+03,1.1899008998566718e-01
7.3396490713028666e-03,9.9266035092869709e-01,1.3585302625828626e+03,1.1887916696204143e-01
7.3535196608266627e-03,9.9264648033917335e-01,1.3585112960991044e+03,1.1876874025870449e-01
7.3673670220615606e-03,9.9263263297793847e-01,1.3584923613774392e+03,1.1865880795125779e-01
7.3811910183396966e-03,9.9261880898166033e-01,1.3584734586047462e+03,1.1854936812790220e-01
7.3949915132238055e-03,9.9260500848677624e-01,1.3584545879675875e+03,1.1844041888934813e-01
7.4087683705085774e-03,9.9259123162949148e-01,1.3584357496522089e+03,1.1833195834872608e-01
7.4225214542219895e-03,9.9257747854577805e-01,1.3584169438445369e+03,1.1822398463149823e-01
7.4362506286266630e-03,9.9256374937137337e-01,1.3583981707301773e+03,1.1811649587537069e-01
7.4499557582211832e-03,9.9255004424177884e-01,1.3583794304944129e+03,1.1800949023020676e-01
7.4636367077414566e-03,9.9253636329225858e-01,1.3583607233222028e+03,1.1790296585794061e-01
7.4772933421620377e-03,9.9252270665783793e-01,1.3583420493981787e+03,1.1779692093249212e-01
7.4909255266974537e-03,9.9250907447330250e-01,1.3583234089066452e+03,1.1769135363968236e-01
7.5045331268035502e-03,9.9249546687319645e-01,1.3583048020315757e+03,1.1758626217714967e-01
7.5181160081788040e-03,9.9248188399182125e-01,1.3582862289566135e+03,1.1748164475426670e-01
7.5316740367656629e-03,9.9246832596323431e-01,1.3582676898650664e+03,1.1737749959205816e-01
7.5452070787518566e-03,9.9245479292124816e-01,1.3582491849399084e+03,1.1727382492311919e-01
7.5587150005717255e-03,9.9244128499942830e-01,1.3582307143637754e+03,1.1717061899153472e-01
7.5721976689075319e-03,9.9242780233109251e-01,1.3582122783189645e+03,1.1706788005279921e-01
7.5856549506907855e-03,9.9241434504930925e-01,1.3581938769874323e+03,1.1696560637373737e-01
7.5990867131035481e-03,9.9240091328689650e-01,1.3581755105507921e+03,1.1686379623242550e-01
7.6124928235797445e-03,9.9238750717642021e-01,1.3581571791903132e+03,1.1676244791811359e-01
7.6258731498064789e-03,9.9237412685019355e-01,1.3581388830869191e+03,1.1666155973114799e-01
7.6392275597253322e-03,9.9236077244027465e-01,1.3581206224211849e+03,1.1656112998289488e-01
7.6525559215336715e-03,9.9234744407846631e-01,1.3581023973733356e+03,1.1646115699566445e-01
7.6658581036859429e-03,9.9233414189631408e-01,1.3580842081232454e+03,1.1636163910263567e-01
7.6791339748949854e-03,9.9232086602510505e-01,1.3580660548504350e+03,1.1626257464778167e-01
7.6923834041333012e-03,9.9230761659586675e-01,1.3580479377340698e+03,1.1616396198579605e-01
7.7056062606343789e-03,9.9229439373936557e-01,1.3580298569529577e+03,1.1606579948201956e-01
7.7188024138939637e-03,9.9228119758610600e-01,1.3580118126855498e+03,1.1596808551236751e-01
7.7319717336713457e-03,9.9226802826632865e-01,1.3579938051099352e+03,1.1587081846325797e-01
7.7451140899906590e-03,9.9225488591000932e-01,1.3579758344038412e+03,1.1577399673154044e-01
7.7582293531421511e-03,9.9224177064685781e-01,1.3579579007446318e+03,1.1567761872442514e-01
7.7713173936834710e-03,9.9222868260631658e-01,1.3579400043093051e+03,1.1558168285941310e-01
7.7843780824409401e-03,9.9221562191755908e-01,1.3579221452744912e+03,1.1548618756422670e-01
7.7974112905108365e-03,9.9220258870948919e-01,1.3579043238164516e+03,1.1539113127674089e-01
7.8104168892606544e-03,9.9218958311073935e-01,1.3578865401110772e+03,1.1529651244491498e-01
7.8233947503303855e-03,9.9217660524966966e-01,1.3578687943338859e+03,1.1520232952672518e-01
7.8363447456337824e-03,9.9216365525436623e-01,1.3578510866600216e+03,1.1510858099009742e-01
7.8492667473596192e-03,9.9215073325264036e-01,1.3578334172642512e+03,1.1501526531284111e-01
7.8621606279729549e-03,9.9213783937202704e-01,1.3578157863209653e+03,1.1492238098258328e-01
7.8750262602163938e-03,9.9212497373978359e-01,1.3577981940041736e+03,1.1482992649670339e-01
7.8878635171113383e-03,9.9211213648288865e-01,1.3577806404875055e+03,1.1473790036226851e-01
7.9006722719592477e-03,9.9209932772804077e-01,1.3577631259442069e+03,1.1464630109596943e-01
7.9134523983428826e-03,9.9208654760165715e-01,1.3577456505471393e+03,1.1455512722405703e-01
7.9262037701275517e-03,9.9207379622987246e-01,1.3577282144687779e+03,1.1446437728227929e-01
7.9389262614623646e-03,9.9206107373853758e-01,1.3577108178812100e+03,1.1437404981581888e-01
7.9516197467814735e-03,9.9204838025321851e-01,1.3576934609561326e+03,1.1428414337923125e-01
7.9642841008052967e-03,9.9203571589919470e-01,1.3576761438648516e+03,1.1419465653638339e-01
7.9769191985417758e-03,9.9202308080145818e-01,1.3576588667782794e+03,1.1410558786039295e-01
7.9895249152875918e-03,9.9201047508471241e-01,1.3576416298669344e+03,1.1401693593356789e-01
8.0021011266294198e-03,9.9199789887337053e-01,1.3576244333009374e+03,1.1392869934734687e-01
8.0146477084451218e-03,9.9198535229155493e-01,1.3576072772500124e+03,1.1384087670223994e-01
8.0271645369050064e-03,9.9197283546309500e-01,1.3575901618834819e+03,1.1375346660776986e-01
8.0396514884730260e-03,9.9196034851152692e-01,1.3575730873702680e+03,1.1366646768241380e-01
8.0521084399080116e-03,9.9194789156009200e-01,1.3575560538788891e+03,1.1357987855354584e-01
8.0645352682648802e-03,9.9193546473173511e-01,1.3575390615774588e+03,1.1349369785737955e-01
8.0769318508958580e-03,9.9192306814910414e-01,1.3575221106336846e+03,1.1340792423891133e-01
8.0892980654516718e-03,9.9191070193454833e-01,1.3575052012148653e+03,1.1332255635186436e-01
8.1016337898827777e-03,9.9189836621011718e-01,1.3574883334878900e+03,1.1323759285863276e-01
8.1139389024405626e-03,9.9188606109755939e-01,1.3574715076192365e+03,1.1315303243022613e-01
8.1262132816785244e-03,9.9187378671832149e-01,1.3574547237749691e+03,1.1306887374621526e-01
8.1384568064535017e-03,9.9186154319354647e-01,1.3574379821207376e+03,1.1298511549467742e-01
8.1506693559268446e-03,9.9184933064407310e-01,1.3574212828217755e+03,1.1290175637214270e-01
8.1628508095656221e-03,9.9183714919043442e-01,1.3574046260428984e+03,1.1281879508354060e-01
8.1750010471438022e-03,9.9182499895285625e-01,1.3573880119485013e+03,1.1273623034214726e-01
8.1871199487434480e-03,9.9181288005125656e-01,1.3573714407025591e+03,1.1265406086953281e-01
8.1992073947558912e-03,9.9180079260524412e-01,1.3573549124686233e+03,1.1257228539550942e-01
8.2112632658829215e-03,9.9178873673411705e-01,1.3573384274098207e+03,1.1249090265808000e-01
8.2232874431379561e-03,9.9177671255686206e-01,1.3573219856888522e+03,1.1240991140338670e-01
8.2352798078472195e-03,9.9176472019215278e-01,1.3573055874679910e+03,1.1232931038566055e-01
8.2472402416509175e-03,9.9175275975834909e-01,1.3572892329090810e+03,1.1224909836717105e-01
8.2591686265043925e-03,9.9174083137349556e-01,1.3572729221735349e+03,1.1216927411817652e-01
8.2710648446793055e-03,9.9172893515532068e-01,1.3572566554223333e+03,1.1208983641687456e-01
8.2829287787647820e-03,9.9171707122123520e-01,1.3572404328160223e+03,1.1201078404935326e-01
8.2947603116685850e-03,9.9170523968833146e-01,1.3572242545147126e+03,1.1193211580954257e-01
8.3065593266182600e-03,9.9169344067338172e-01,1.3572081206780772e+03,1.1185383049916615e-01
8.3183257071622937e-03,9.9168167429283771e-01,1.3571920314653512e+03,1.1177592692769379e-01
8.3300593371712587e-03,9.9166994066282876e-01,1.3571759870353280e+03,1.1169840391229405e-01
8.3417601008389641e-03,9.9165823989916102e-01,1.3571599875463598e+03,1.1162126027778732e-01
8.3534278826835999e-03,9.9164657211731644e-01,1.3571440331563554e+03,1.1154449485659938e-01
8.3650625675488650e-03,9.9163493743245112e-01,1.3571281240227779e+03,1.1146810648871533e-01
8.3766640406051224e-03,9.9162333595939489e-01,1.3571122603026440e+03,1.1139209402163383e-01
8.3882321873505108e-03,9.9161176781264948e-01,1.3570964421525223e+03,1.1131645631032183e-01
8.3997668936120970e-03,9.9160023310638790e-01,1.3570806697285316e+03,1.1124119221716962e-01
8.4112680455469806e-03,9.9158873195445307e-01,1.3570649431863392e+03,1.1116630061194631e-01
8.4227355296434443e-03,9.9157726447035655e-01,1.3570492626811597e+03,1.1109178037175566e-01
8.4341692327220413e-03,9.9156583076727800e-01,1.3570336283677539e+03,1.1101763038099220e-01
8.4455690419367423e-03,9.9155443095806328e-01,1.3570180404004254e+03,1.1094384953129807e-01
8.4569348447760314e-03,9.9154306515522395e-01,1.3570024989330216e+03,1.1087043672151968e-01
8.4682665290640238e-03,9.9153173347093593e-01,1.3569870041189304e+03,1.1079739085766520e-01
8.4795639829615705e-03,9.9152043601703843e-01,1.3569715561110797e+03,1.1072471085286215e-01
8.4908270949673632e-03,9.9150917290503260e-01,1.3569561550619342e+03,1.1065239562731562e-01
8.5020557539190311e-03,9.9149794424608095e-01,1.3569408011234971e+03,1.1058044410826642e-01
8.5132498489942452e-03,9.9148675015100574e-01,1.3569254944473046e+03,1.1050885522995003e-01
8.5244092697118086e-03,9.9147559073028824e-01,1.3569102351844283e+03,1.1043762793355563e-01
8.5355339059327382e-03,9.9146446609406724e-01,1.3568950234854701e+03,1.1036676116718554e-01
8.5466236478613684e-03,9.9145337635213859e-01,1.3568798595005642e+03,1.1029625388581500e-01
8.5576783860464266e-03,9.9144232161395363e-01,1.3568647433793726e+03,1.1022610505125241e-01
8.5686980113821049e-03,9.9143130198861784e-01,1.3568496752710851e+03,1.1015631363209967e-01
8.5796824151091553e-03,9.9142031758489080e-01,1.3568346553244180e+03,1.1008687860371306e-01
8.5906314888159439e-03,9.9140936851118411e-01,1.3568196836876125e+03,1.1001779894816437e-01
8.6015451244395354e-03,9.9139845487556044e-01,1.3568047605084316e+03,1.0994907365420241e-01
8.6124232142667494e-03,9.9138757678573330e-01,1.3567898859341624e+03,1.0988070171721469e-01
8.6232656509352343e-03,9.9137673434906481e-01,1.3567750601116102e+03,1.0981268213918971e-01
8.6340723274345148e-03,9.9136592767256548e-01,1.3567602831870995e+03,1.0974501392867925e-01
8.6448431371070576e-03,9.9135515686289299e-01,1.3567455553064735e+03,1.0967769610076120e-01
8.6555779736493203e-03,9.9134442202635065e-01,1.3567308766150895e+03,1.0961072767700264e-01
8.6662767311127993e-03,9.9133372326888725e-01,1.3567162472578214e+03,1.0954410768542321e-01
8.6769393039050798e-03,9.9132306069609488e-01,1.3567016673790536e+03,1.0947783516045878e-01
8.6875655867908689e-03,9.9131243441320915e-01,1.3566871371226848e+03,1.0941190914292560e-01
8.6981554748930476e-03,9.9130184452510695e-01,1.3566726566321222e+03,1.0934632867998435e-01
8.7087088636936955e-03,9.9129129113630632e-01,1.3566582260502828e+03,1.0928109282510499e-01
8.7192256490351248e-03,9.9128077435096484e-01,1.3566438455195901e+03,1.0921620063803160e-01
8.7297057271209112e-03,9.9127029427287905e-01,1.3566295151819745e+03,1.0915165118474750e-01
8.7401489945169129e-03,9.9125985100548308e-01,1.3566152351788705e+03,1.0908744353744090e-01
8.7505553481522988e-03,9.9124944465184772e-01,1.3566010056512162e+03,1.0902357677447057e-01
8.7609246853205570e-03,9.9123907531467947e-01,1.3565868267394510e+03,1.0896004998033201e-01
8.7712569036805209e-03,9.9122874309631948e-01,1.3565726985835149e+03,1.0889686224562381e-01
8.7815519012573590e-03,9.9121844809874260e-01,1.3565586213228476e+03,1.0883401266701426e-01
8.7918095764436110e-03,9.9120819042355635e-01,1.3565445950963856e+03,1.0877150034720828e-01
8.8020298280001557e-03,9.9119797017199984e-01,1.3565306200425625e+03,1.0870932439491475e-01
8.8122125550572396e-03,9.9118778744494274e-01,1.3565166962993060e+03,1.0864748392481396e-01
8.8223576571154587e-03,9.9117764234288452e-01,1.3565028240040378e+03,1.0858597805752526e-01
8.8324650340467475e-03,9.9116753496595322e-01,1.3564890032936719e+03,1.0852480591957531e-01
8.8425345860953831e-03,9.9115746541390459e-01,1.3564752343046137e+03,1.0846396664336620e-01
8.8525662138789450e-03,9.9114743378612102e-01,1.3564615171727567e+03,1.0840345936714425e-01
8.8625598183893223e-03,9.9113744018161065e-01,1.3564478520334842e+03,1.0834328323496864e-01
8.8725153009936684e-03,9.9112748469900636e-01,1.3564342390216652e+03,1.0828343739668070e-01
8.8824325634353947e-03,9.9111756743656465e-01,1.3564206782716547e+03,1.0822392100787318e-01
8.8923115078351177e-03,9.9110768849216491e-01,1.3564071699172919e+03,1.0816473322985995e-01
8.9021520366916480e-03,9.9109784796330835e-01,1.3563937140918986e+03,1.0810587322964592e-01
8.9119540528829408e-03,9.9108804594711708e-01,1.3563803109282785e+03,1.0804734017989706e-01
8.9217174596670518e-03,9.9107828254033292e-01,1.3563669605587154e+03,1.0798913325891098e-01
8.9314421606830948e-03,9.9106855783931691e-01,1.3563536631149721e+03,1.0793125165058745e-01
8.9411280599521990e-03,9.9105887194004783e-01,1.3563404187282893e+03,1.0787369454439943e-01
8.9507750618784531e-03,9.9104922493812153e-01,1.3563272275293830e+03,1.0781646113536407e-01
8.9603830712498365e-03,9.9103961692875020e-01,1.3563140896484456e+03,1.0775955062401428e-01
8.9699519932391770e-03,9.9103004800676087e-01,1.3563010052151426e+03,1.0770296221637028e-01
8.9794817334050789e-03,9.9102051826659487e-01,1.3562879743586118e+03,1.0764669512391149e-01
8.9889721976928547e-03,9.9101102780230710e-01,1.3562749972074628e+03,1.0759074856354867e-01
8.9984232924354528e-03,9.9100157670756450e-01,1.3562620738897747e+03,1.0753512175759625e-01
9.0078349243543840e-03,9.9099216507564558e-01,1.3562492045330957e+03,1.0747981393374501e-01
9.0172070005606394e-03,9.9098279299943937e-01,1.3562363892644405e+03,1.0742482432503492e-01
9.0265394285556095e-03,9.9097346057144442e-01,1.3562236282102915e+03,1.0737015216982805e-01
9.0358321162320020e-03,9.9096416788376795e-01,1.3562109214965942e+03,1.0731579671178203e-01
9.0450849718747370e-03,9.9095491502812527e-01,1.3561982692487595e+03,1.0726175719982349e-01
9.0542979041618680e-03,9.9094570209583810e-01,1.3561856715916597e+03,1.0720803288812186e-01
9.0634708221654699e-03,9.9093652917783448e-01,1.3561731286496286e+03,1.0715462303606334e-01
9.0726036353525469e-03,9.9092739636464744e-01,1.3561606405464599e+03,1.0710152690822509e-01
9.0816962535859198e-03,9.9091830374641410e-01,1.3561482074054063e+03,1.0704874377434967e-01
9.0907485871251185e-03,9.9090925141287489e-01,1.3561358293491778e+03,1.0699627290931960e-01
9.0997605466272627e-03,9.9090023945337269e-01,1.3561235064999405e+03,1.0694411359313236e-01
9.1087320431479518e-03,9.9089126795685201e-01,1.3561112389793166e+03,1.0689226511087535e-01
9.1176629881421362e-03,9.9088233701185791e-01,1.3560990269083813e+03,1.0684072675270125e-01
9.1265532934649979e-03,9.9087344670653499e-01,1.3560868704076627e+03,1.0678949781380351e-01
9.1354028713728098e-03,9.9086459712862718e-01,1.3560747695971402e+03,1.0673857759439209e-01
9.1442116345238095e-03,9.9085578836547616e-01,1.3560627245962446e+03,1.0668796539966928e-01
9.1529794959790637e-03,9.9084702050402096e-01,1.3560507355238551e+03,1.0663766053980597e-01
9.1617063692033176e-03,9.9083829363079667e-01,1.3560388024982983e+03,1.0658766232991798e-01
9.1703921680658575e-03,9.9082960783193419e-01,1.3560269256373494e+03,1.0653797009004243e-01
9.1790368068413522e-03,9.9082096319315860e-01,1.3560151050582272e+03,1.0648858314511481e-01
9.1876402002107078e-03,9.9081235979978932e-01,1.3560033408775969e+03,1.0643950082494560e-01
9.1962022632619093e-03,9.9080379773673810e-01,1.3559916332115656e+03,1.0639072246419765e-01
9.2047229114908466e-03,9.9079527708850912e-01,1.3559799821756835e+03,1.0634224740236342e-01
9.2132020608021621e-03,9.9078679793919788e-01,1.3559683878849416e+03,1.0629407498374266e-01
9.2216396275100754e-03,9.9077836037248990e-01,1.3559568504537708e+03,1.0624620455741997e-01
9.2300355283392119e-03,9.9076996447166077e-01,1.3559453699960411e+03,1.0619863547724287e-01
9.2383896804254170e-03,9.9076161031957455e-01,1.3559339466250599e+03,1.0615136710179995e-01
9.2467020013165830e-03,9.9075329799868339e-01,1.3559225804535708e+03,1.0610439879439912e-01
9.2549724089734595e-03,9.9074502759102656e-01,1.3559112715937540e+03,1.0605772992304616e-01
9.2632008217704617e-03,9.9073679917822954e-01,1.3559000201572233e+03,1.0601135986042341e-01
9.2713871584964754e-03,9.9072861284150349e-01,1.3558888262550254e+03,1.0596528798386881e-01
9.2795313383556653e-03,9.9072046866164432e-01,1.3558776899976399e+03,1.0591951367535471e-01
9.2876332809682625e-03,9.9071236671903173e-01,1.3558666114949770e+03,1.0587403632146736e-01
9.2956929063713629e-03,9.9070430709362867e-01,1.3558555908563769e+03,1.0582885531338629e-01
9.3037101350197191e-03,9.9069628986498026e-01,1.3558446281906095e+03,1.0578397004686393e-01
9.3116848877865203e-03,9.9068831511221345e-01,1.3558337236058712e+03,1.0573937992220542e-01
9.3196170859641790e-03,9.9068038291403582e-01,1.3558228772097862e+03,1.0569508434424862e-01
9.3275066512650950e-03,9.9067249334873486e-01,1.3558120891094040e+03,1.0565108272234436e-01
9.3353535058224510e-03,9.9066464649417751e-01,1.3558013594111990e+03,1.0560737447033657e-01
9.3431575721909556e-03,9.9065684242780905e-01,1.3557906882210686e+03,1.0556395900654307e-01
9.3509187733476287e-03,9.9064908122665241e-01,1.3557800756443332e+03,1.0552083575373609e-01
9.3586370326925444e-03,9.9064136296730743e-01,1.3557695217857349e+03,1.0547800413912324e-01
9.3663122740496006e-03,9.9063368772595040e-01,1.3557590267494356e+03,1.0543546359432851e-01
9.3739444216672640e-03,9.9062605557833272e-01,1.3557485906390177e+03,1.0539321355537343e-01
9.3815334002193169e-03,9.9061846659978070e-01,1.3557382135574810e+03,1.0535125346265864e-01
9.3890791348056075e-03,9.9061092086519442e-01,1.3557278956072430e+03,1.0530958276094526e-01
9.3965815509527810e-03,9.9060341844904720e-01,1.3557176368901378e+03,1.0526820089933671e-01
9.4040405746150177e-03,9.9059595942538503e-01,1.3557074375074151e+03,1.0522710733126056e-01
9.4114561321747663e-03,9.9058854386782524e-01,1.3556972975597382e+03,1.0518630151445064e-01
9.4188281504434673e-03,9.9058117184955652e-01,1.3556872171471846e+03,1.0514578291092923e-01
9.4261565566622751e-03,9.9057384344333776e-01,1.3556771963692438e+03,1.0510555098698939e-01
9.4334412785027841e-03,9.9056655872149724e-01,1.3556672353248168e+03,1.0506560521317758e-01
9.4406822440677215e-03,9.9055931775593231e-01,1.3556573341122153e+03,1.0502594506427640e-01
9.4478793818916895e-03,9.9055212061810827e-01,1.3556474928291598e+03,1.0498657001928730e-01
9.4550326209418400e-03,9.9054496737905817e-01,1.3556377115727805e+03,1.0494747956141376e-01
9.4621418906185896e-03,9.9053785810938144e-01,1.3556279904396142e+03,1.0490867317804445e-01
9.4692071207563185e-03,9.9053079287924373e-01,1.3556183295256039e+03,1.0487015036073651e-01
9.4762282416240590e-03,9.9052377175837591e-01,1.3556087289260997e+03,1.0483191060519904e-01
9.4832051839261796e-03,9.9051679481607380e-01,1.3555991887358553e+03,1.0479395341127687e-01
9.4901378788030781e-03,9.9050986212119696e-01,1.3555897090490289e+03,1.0475627828293418e-01
9.4970262578318553e-03,9.9050297374216811e-01,1.3555802899591804e+03,1.0471888472823868e-01
9.5038702530269911e-03,9.9049612974697299e-01,1.3555709315592733e+03,1.0468177225934547e-01
9.5106697968410144e-03,9.9048933020315899e-01,1.3555616339416706e+03,1.0464494039248154e-01
9.5174248221651745e-03,9.9048257517783478e-01,1.3555523971981363e+03,1.0460838864792998e-01
9.5241352623300964e-03,9.9047586473766991e-01,1.3555432214198336e+03,1.0457211655001467e-01
9.5308010511064491e-03,9.9046919894889351e-01,1.3555341066973231e+03,1.0453612362708493e-01
9.5374221227055838e-03,9.9046257787729441e-01,1.3555250531205641e+03,1.0450040941150041e-01
9.5439984117802017e-03,9.9045600158821978e-01,1.3555160607789110e+03,1.0446497343961599e-01
9.5505298534249786e-03,9.9044947014657503e-01,1.3555071297611150e+03,1.0442981525176714e-01
9.5570163831772258e-03,9.9044298361682281e-01,1.3554982601553220e+03,1.0439493439225490e-01
9.5634579370175148e-03,9.9043654206298248e-01,1.3554894520490707e+03,1.0436033040933154e-01
9.5698544513703049e-03,9.9043014554862974e-01,1.3554807055292940e+03,1.0432600285518616e-01
9.5762058631045886e-03,9.9042379413689541e-01,1.3554720206823163e+03,1.0429195128593018e-01
9.5825121095344887e-03,9.9041748789046546e-01,1.3554633975938539e+03,1.0425817526158340e-01
9.5887731284199050e-03,9.9041122687158012e-01,1.3554548363490130e+03,1.0422467434605993e-01
9.5949888579671058e-03,9.9040501114203294e-01,1.3554463370322894e+03,1.0419144810715436e-01
9.6011592368293527e-03,9.9039884076317064e-01,1.3554378997275680e+03,1.0415849611652792e-01
9.6072842041074920e-03,9.9039271579589250e-01,1.3554295245181220e+03,1.0412581794969505e-01
9.6133636993505755e-03,9.9038663630064938e-01,1.3554212114866109e+03,1.0409341318600979e-01
9.6193976625564333e-03,9.9038060233744352e-01,1.3554129607150810e+03,1.0406128140865260e-01
9.6253860341722897e-03,9.9037461396582771e-01,1.3554047722849646e+03,1.0402942220461711e-01
9.6313287550953332e-03,9.9036867124490469e-01,1.3553966462770773e+03,1.0399783516469707e-01
9.6372257666733057e-03,9.9036277423332675e-01,1.3553885827716206e+03,1.0396651988347344e-01
9.6430770107050878e-03,9.9035692298929490e-01,1.3553805818481767e+03,1.0393547595930162e-01
9.6488824294412561e-03,9.9035111757055871e-01,1.3553726435857127e+03,1.0390470299429881e-01
9.6546419655846785e-03,9.9034535803441537e-01,1.3553647680625754e+03,1.0387420059433149e-01
9.6603555622910547e-03,9.9033964443770894e-01,1.3553569553564935e+03,1.0384396836900293e-01
9.6660231631694928e-03,9.9033397683683055e-01,1.3553492055445747e+03,1.0381400593164115e-01
9.6716447122830607e-03,9.9032835528771690e-01,1.3553415187033067e+03,1.0378431289928655e-01
9.6772201541493359e-03,9.9032277984585071e-01,1.3553338949085560e+03,1.0375488889268009e-01
9.6827494337409625e-03,9.9031725056625908e-01,1.3553263342355658e+03,1.0372573353625127e-01
9.6882324964861783e-03,9.9031176750351380e-01,1.3553188367589569e+03,1.0369684645810655e-01
9.6936692882693704e-03,9.9030633071173058e-01,1.3553114025527266e+03,1.0366822729001757e-01
9.6990597554315987e-03,9.9030094024456838e-01,1.3553040316902475e+03,1.0363987566740969e-01
9.7044038447711284e-03,9.9029559615522889e-01,1.3552967242442671e+03,1.0361179122935071e-01
9.7097015035439525e-03,9.9029029849645600e-01,1.3552894802869064e+03,1.0358397361853959e-01
9.7149526794643223e-03,9.9028504732053568e-01,1.3552822998896613e+03,1.0355642248129515e-01
9.7201573207052489e-03,9.9027984267929470e-01,1.3552751831233986e+03,1.0352913746754533e-01
9.7253153758990237e-03,9.9027468462410095e-01,1.3552681300583583e+03,1.0350211823081620e-01
9.7304267941377264e-03,9.9026957320586229e-01,1.3552611407641514e+03,1.0347536442822114e-01
9.7354915249737214e-03,9.9026450847502623e-01,1.3552542153097588e+03,1.0344887572045031e-01
9.7405095184201606e-03,9.9025949048157980e-01,1.3552473537635326e+03,1.0342265177176005e-01
9.7454807249514729e-03,9.9025451927504848e-01,1.3552405561931932e+03,1.0339669224996251e-01
9.7504050955038585e-03,9.9024959490449616e-01,1.3552338226658301e+03,1.0337099682641539e-01
9.7552825814757691e-03,9.9024471741852427e-01,1.3552271532479001e+03,1.0334556517601180e-01
9.7601131347283838e-03,9.9023988686527165e-01,1.3552205480052278e+03,1.0332039697717016e-01
9.7648967075860942e-03,9.9023510329241393e-01,1.3552140070030046e+03,1.0329549191182427e-01
9.7696332528369664e-03,9.9023036674716303e-01,1.3552075303057870e+03,1.0327084966541360e-01
9.7743227237332159e-03,9.9022567727626676e-01,1.3552011179774981e+03,1.0324646992687345e-01
9.7789650739916502e-03,9.9022103492600833e-01,1.3551947700814242e+03,1.0322235238862558e-01
9.7835602577941525e-03,9.9021643974220586e-01,1.3551884866802172e+03,1.0319849674656847e-01
9.7881082297881106e-03,9.9021189177021185e-01,1.3551822678358910e+03,1.0317490270006825e-01
9.7926089450868798e-03,9.9020739105491307e-01,1.3551761136098237e+03,1.0315156995194930e-01
9.7970623592702148e-03,9.9020293764072975e-01,1.3551700240627549e+03,1.0312849820848514e-01
9.8014684283847155e-03,9.9019853157161530e-01,1.3551639992547857e+03,1.0310568717938952e-01
9.8058271089442595e-03,9.9019417289105571e-01,1.3551580392453786e+03,1.0308313657780742e-01
9.8101383579304296e-03,9.9018986164206957e-01,1.3551521440933570e+03,1.0306084612030635e-01
9.8144021327929397e-03,9.9018559786720706e-01,1.3551463138569031e+03,1.0303881552686754e-01
9.8186183914500489e-03,9.9018138160854996e-01,1.3551405485935588e+03,1.0301704452087765e-01
9.8227870922889902e-03,9.9017721290771099e-01,1.3551348483602255e+03,1.0299553282911997e-01
9.8269081941663693e-03,9.9017309180583368e-01,1.3551292132131621e+03,1.0297428018176637e-01
9.8309816564085741e-03,9.9016901834359139e-01,1.3551236432079847e+03,1.0295328631236887e-01
9.8350074388121756e-03,9.9016499256118784e-01,1.3551181383996677e+03,1.0293255095785171e-01
9.8389855016443283e-03,9.9016101449835570e-01,1.3551126988425408e+03,1.0291207385850314e-01
9.8429158056431553e-03,9.9015708419435688e-01,1.3551073245902908e+03,1.0289185475796762e-01
9.8467983120181478e-03,9.9015320168798182e-01,1.3551020156959587e+03,1.0287189340323800e-01
9.8506329824505287e-03,9.9014936701754952e-01,1.3550967722119417e+03,1.0285218954464793e-01
9.8544197790936556e-03,9.9014558022090637e-01,1.3550915941899907e+03,1.0283274293586397e-01
9.8581586645733708e-03,9.9014184133542660e-01,1.3550864816812104e+03,1.0281355333387854e-01
9.8618496019883834e-03,9.9013815039801156e-01,1.3550814347360595e+03,1.0279462049900220e-01
9.8654925549106331e-03,9.9013450744508935e-01,1.3550764534043494e+03,1.0277594419485653e-01
9.8690874873856443e-03,9.9013091251261431e-01,1.3550715377352435e+03,1.0275752418836695e-01
9.8726343639328872e-03,9.9012736563606707e-01,1.3550666877772580e+03,1.0273936024975566e-01
9.8761331495461173e-03,9.9012386685045384e-01,1.3550619035782595e+03,1.0272145215253473e-01
9.8795838096937382e-03,9.9012041619030622e-01,1.3550571851854663e+03,1.0270379967349909e-01
9.8829863103191227e-03,9.9011701368968086e-01,1.3550525326454469e+03,1.0268640259272004e-01
9.8863406178409680e-03,9.9011365938215901e-01,1.3550479460041204e+03,1.0266926069353831e-01
9.8896466991536102e-03,9.9011035330084640e-01,1.3550434253067547e+03,1.0265237376255779e-01
9.8929045216273603e-03,9.9010709547837261e-01,1.3550389705979674e+03,1.0263574158963895e-01
9.8961140531088291e-03,9.9010388594689114e-01,1.3550345819217246e+03,1.0261936396789248e-01
9.8992752619212337e-03,9.9010072473807875e-01,1.3550302593213410e+03,1.0260324069367317e-01
9.9023881168647226e-03,9.9009761188313528e-01,1.3550260028394785e+03,1.0258737156657362e-01
9.9054525872166697e-03,9.9009454741278335e-01,1.3550218125181473e+03,1.0257175638941836e-01
9.9084686427319945e-03,9.9009153135726802e-01,1.3550176883987040e+03,1.0255639496825780e-01
9.9114362536434440e-03,9.9008856374635656e-01,1.3550136305218518e+03,1.0254128711236254e-01
9.9143553906618949e-03,9.9008564460933812e-01,1.3550096389276405e+03,1.0252643263421742e-01
9.9172260249766487e-03,9.9008277397502331e-01,1.3550057136554653e+03,1.0251183134951608e-01
9.9200481282556985e-03,9.9007995187174425e-01,1.3550018547440677e+03,1.0249748307715531e-01
9.9228216726460275e-03,9.9007717832735398e-01,1.3549980622315331e+03,1.0248338763922972e-01
9.9255466307738693e-03,9.9007445336922617e-01,1.3549943361552921e+03,1.0246954486102634e-01
9.9282229757449905e-03,9.9007177702425497e-01,1.3549906765521193e+03,1.0245595457101930e-01
9.9308506811449457e-03,9.9006914931885504e-01,1.3549870834581341e+03,1.0244261660086484e-01
9.9334297210393416e-03,9.9006657027896061e-01,1.3549835569087984e+03,1.0242953078539621e-01
9.9359600699740966e-03,9.9006403993002590e-01,1.3549800969389180e+03,1.0241669696261869e-01
9.9384417029756891e-03,9.9006155829702436e-01,1.3549767035826417e+03,1.0240411497370472e-01
9.9408745955514039e-03,9.9005912540444863e-01,1.3549733768734600e+03,1.0239178466298929e-01
9.9432587236895700e-03,9.9005674127631038e-01,1.3549701168442064e+03,1.0237970587796512e-01
9.9455940638598084e-03,9.9005440593614025e-01,1.3549669235270562e+03,1.0236787846927817e-01
9.9478805930132540e-03,9.9005211940698679e-01,1.3549637969535261e+03,1.0235630229072322e-01
9.9501182885827887e-03,9.9004988171141717e-01,1.3549607371544739e+03,1.0234497719923943e-01
9.9523071284832558e-03,9.9004769287151673e-01,1.3549577441600989e+03,1.0233390305490613e-01
9.9544470911116928e-03,9.9004555290888829e-01,1.3549548179999406e+03,1.0232307972093854e-01
9.9565381553475326e-03,9.9004346184465242e-01,1.3549519587028790e+03,1.0231250706368383e-01
9.9585803005528134e-03,9.9004141969944714e-01,1.3549491662971345e+03,1.0230218495261707e-01
9.9605735065723885e-03,9.9003942649342758e-01,1.3549464408102665e+03,1.0229211326033731e-01
9.9625177537341191e-03,9.9003748224626587e-01,1.3549437822691748e+03,1.0228229186256380e-01
9.9644130228490682e-03,9.9003558697715088e-01,1.3549411907000979e+03,1.0227272063813232e-01
9.9662592952116970e-03,9.9003374070478833e-01,1.3549386661286137e+03,1.0226339946899157e-01
9.9680565526000416e-03,9.9003194344739998e-01,1.3549362085796390e+03,1.0225432824019957e-01
9.9698047772758987e-03,9.9003019522272406e-01,1.3549338180774280e+03,1.0224550683992037e-01
9.9715039519849957e-03,9.9002849604801502e-01,1.3549314946455750e+03,1.0223693515942059e-01
9.9731540599571605e-03,9.9002684594004287e-01,1.3549292383070106e+03,1.0222861309306633e-01
9.9747550849065020e-03,9.9002524491509347e-01,1.3549270490840040e+03,1.0222054053831989e-01
9.9763070110315422e-03,9.9002369298896842e-01,1.3549249269981622e+03,1.0221271739573683e-01
9.9778098230153996e-03,9.9002219017698456e-01,1.3549228720704293e+03,1.0220514356896293e-01
9.9792635060259281e-03,9.9002073649397404e-01,1.3549208843210865e+03,1.0219781896473137e-01
9.9806680457158632e-03,9.9001933195428415e-01,1.3549189637697523e+03,1.0219074349285995e-01
9.9820234282229619e-03,9.9001797657177704e-01,1.3549171104353813e+03,1.0218391706624852e-01
9.9833296401701486e-03,9.9001667035982988e-01,1.3549153243362659e+03,1.0217733960087612e-01
9.9845866686656404e-03,9.9001541333133436e-01,1.3549136054900334e+03,1.0217101101579876e-01
9.9857945013030695e-03,9.9001420549869690e-01,1.3549119539136486e+03,1.0216493123314692e-01
9.9869531261616191e-03,9.9001304687383840e-01,1.3549103696234117e+03,1.0215910017812321e-01
9.9880625318061259e-03,9.9001193746819383e-01,1.3549088526349592e+03,1.0215351777900020e-01
9.9891227072872076e-03,9.9001087729271275e-01,1.3549074029632629e+03,1.0214818396711826e-01
9.9901336421413574e-03,9.9000986635785859e-01,1.3549060206226306e+03,1.0214309867688351e-01
9.9910953263910602e-03,9.9000890467360891e-01,1.3549047056267054e+03,1.0213826184576594e-01
9.9920077505448752e-03,9.9000799224945513e-01,1.3549034579884660e+03,1.0213367341429752e-01
9.9928709055975493e-03,9.9000712909440247e-01,1.3549022777202258e+03,1.0212933332607040e-01
9.9936847830300879e-03,9.9000631521696991e-01,1.3549011648336336e+03,1.0212524152773529e-01
9.9944493748098506e-03,9.9000555062519013e-01,1.3549001193396734e+03,1.0212139796899986e-01
9.9951646733906236e-03,9.9000483532660932e-01,1.3548991412486635e+03,1.0211780260262730e-01
9.9958306717127000e-03,9.9000416932828728e-01,1.3548982305702575e+03,1.0211445538443481e-01
9.9964473632029455e-03,9.9000355263679707e-01,1.3548973873134432e+03,1.0211135627329238e-01
9.9970147417748640e-03,9.9000298525822517e-01,1.3548966114865434e+03,1.0210850523112155e-01
9.9975328018286590e-03,9.9000246719817131e-01,1.3548959030972151e+03,1.0210590222289430e-01
9.9980015382512815e-03,9.9000199846174874e-01,1.3548952621524497e+03,1.0210354721663202e-01
9.9984209464164999e-03,9.9000157905358355e-01,1.3548946886585736e+03,1.0210144018340442e-01
9.9987910221849205e-03,9.9000120897781507e-01,1.3548941826212460e+03,1.0209958109732895e-01
9.9991117619040448e-03,9.9000088823809596e-01,1.3548937440454622e+03,1.0209796993556974e-01
9.9993831624083027e-03,9.9000061683759166e-01,1.3548933729355501e+03,1.0209660667833718e-01
9.9996052210190815e-03,9.9000039477898094e-01,1.3548930692951731e+03,1.0209549130888709e-01
9.9997779355447489e-03,9.9000022206445526e-01,1.3548928331273273e+03,1.0209462381352048e-01
9.9999013042806860e-03,9.9000009869571937e-01,1.3548926644343444e+03,1.0209400418158289e-01
9.9999753260092920e-03,9.9000002467399073e-01,1.3548925632178882e+03,1.0209363240546432e-01
1.0000000000000000e-02,9.8999999999999999e-01,1.3548925294789585e+03,1.0209350848059878e-01
