alpha_g,alpha_l,rho_wood,c_wood
0.0000000000000000e+00,1.0000000000000000e+00,9.2236650726509879e+02,1.0096414308988614e+03
1.0000000000000000e-03,9.9900000000000000e-01,9.2145108896944646e+02,3.1860629807723933e+02
2.0000000000000000e-03,9.9800000000000000e-01,9.2053567067379402e+02,2.3122466564635448e+02
3.0000000000000001e-03,9.9700000000000000e-01,9.1962025237814169e+02,1.9055784960615787e+02
4.0000000000000001e-03,9.9600000000000000e-01,9.1870483408248936e+02,1.6584806162973825e+02
5.0000000000000001e-03,9.9500000000000000e-01,9.1778941578683703e+02,1.4881346006029429e+02
6.0000000000000001e-03,9.9399999999999999e-01,9.1687399749118470e+02,1.3616078088499378e+02
7.0000000000000001e-03,9.9299999999999999e-01,9.1595857919553237e+02,1.2628655205467926e+02
8.0000000000000002e-03,9.9199999999999999e-01,9.1504316089988004e+02,1.1830425985517954e+02
9.0000000000000011e-03,9.9099999999999999e-01,9.1412774260422759e+02,1.1167870064919738e+02
1.0000000000000000e-02,9.8999999999999999e-01,9.1321232430857526e+02,1.0606513221400016e+02
1.0999999999999999e-02,9.8899999999999999e-01,9.1229690601292293e+02,1.0123014958803087e+02
1.2000000000000000e-02,9.8799999999999999e-01,9.1138148771727060e+02,9.7009350568370053e+01
1.3000000000000001e-02,9.8699999999999999e-01,9.1046606942161816e+02,9.3283146477514848e+01
1.4000000000000000e-02,9.8599999999999999e-01,9.0955065112596583e+02,8.9962189615501813e+01
1.4999999999999999e-02,9.8499999999999999e-01,9.0863523283031350e+02,8.6978202942587473e+01
1.6000000000000000e-02,9.8399999999999999e-01,9.0771981453466105e+02,8.4277994336366078e+01
1.7000000000000001e-02,9.8299999999999998e-01,9.0680439623900884e+02,8.1819425918030063e+01
1.8000000000000002e-02,9.8199999999999998e-01,9.0588897794335651e+02,7.9568626010620747e+01
1.9000000000000000e-02,9.8099999999999998e-01,9.0497355964770418e+02,7.7498014974429893e+01
2.0000000000000000e-02,9.7999999999999998e-01,9.0405814135205173e+02,7.5584878270416837e+01
2.1000000000000001e-02,9.7899999999999998e-01,9.0314272305639940e+02,7.3810316074677800e+01
2.1999999999999999e-02,9.7799999999999998e-01,9.0222730476074707e+02,7.2158457381217758e+01
2.3000000000000000e-02,9.7699999999999998e-01,9.0131188646509463e+02,7.0615863328620406e+01
2.4000000000000000e-02,9.7599999999999998e-01,9.0039646816944230e+02,6.9171068163533192e+01
2.5000000000000001e-02,9.7499999999999998e-01,8.9948104987378997e+02,6.7814221828868895e+01
2.6000000000000002e-02,9.7399999999999998e-01,8.9856563157813764e+02,6.6536808616291509e+01
2.7000000000000000e-02,9.7299999999999998e-01,8.9765021328248531e+02,6.5331423464369976e+01
2.8000000000000001e-02,9.7199999999999998e-01,8.9673479498683298e+02,6.4191592445198879e+01
2.9000000000000001e-02,9.7099999999999997e-01,8.9581937669118065e+02,6.3111627481524494e+01
2.9999999999999999e-02,9.6999999999999997e-01,8.9490395839552821e+02,6.2086507838964685e+01
3.1000000000000000e-02,9.6899999999999997e-01,8.9398854009987588e+02,6.1111782750782844e+01
3.2000000000000001e-02,9.6799999999999997e-01,8.9307312180422355e+02,6.0183490861629700e+01
3.3000000000000002e-02,9.6699999999999997e-01,8.9215770350857122e+02,5.9298093161683362e+01
3.4000000000000002e-02,9.6599999999999997e-01,8.9124228521291877e+02,5.8452416820242512e+01
3.5000000000000003e-02,9.6499999999999997e-01,8.9032686691726644e+02,5.7643607885512701e+01
3.6000000000000004e-02,9.6399999999999997e-01,8.8941144862161411e+02,5.6869091242761698e+01
3.6999999999999998e-02,9.6299999999999997e-01,8.8849603032596167e+02,5.6126536550308025e+01
3.7999999999999999e-02,9.6199999999999997e-01,8.8758061203030945e+02,5.5413829126583984e+01
3.9000000000000000e-02,9.6099999999999997e-01,8.8666519373465712e+02,5.4729044959760294e+01
4.0000000000000001e-02,9.5999999999999996e-01,8.8574977543900479e+02,5.4070429167373021e+01
4.1000000000000002e-02,9.5899999999999996e-01,8.8483435714335235e+02,5.3436377356892770e+01
4.2000000000000003e-02,9.5799999999999996e-01,8.8391893884770002e+02,5.2825419436588007e+01
4.3000000000000003e-02,9.5699999999999996e-01,8.8300352055204769e+02,5.2236205504922509e+01
4.3999999999999997e-02,9.5599999999999996e-01,8.8208810225639525e+02,5.1667493510321314e+01
4.4999999999999998e-02,9.5499999999999996e-01,8.8117268396074292e+02,5.1118138424679479e+01
4.5999999999999999e-02,9.5399999999999996e-01,8.8025726566509059e+02,5.0587082715972713e+01
4.7000000000000000e-02,9.5299999999999996e-01,8.7934184736943826e+02,5.0073347939694429e+01
4.8000000000000001e-02,9.5199999999999996e-01,8.7842642907378581e+02,4.9576027297104808e+01
4.9000000000000002e-02,9.5099999999999996e-01,8.7751101077813360e+02,4.9094279031619855e+01
5.0000000000000003e-02,9.4999999999999996e-01,8.7659559248248127e+02,4.8627320554030327e+01
5.1000000000000004e-02,9.4899999999999995e-01,8.7568017418682882e+02,4.8174423203365492e+01
5.2000000000000005e-02,9.4799999999999995e-01,8.7476475589117649e+02,4.7734907563697803e+01
5.2999999999999999e-02,9.4699999999999995e-01,8.7384933759552416e+02,4.7308139268497499e+01
5.3999999999999999e-02,9.4599999999999995e-01,8.7293391929987183e+02,4.6893525233672719e+01
5.5000000000000000e-02,9.4499999999999995e-01,8.7201850100421939e+02,4.6490510268481195e+01
5.6000000000000001e-02,9.4399999999999995e-01,8.7110308270856706e+02,4.6098574020324435e+01
5.7000000000000002e-02,9.4299999999999995e-01,8.7018766441291473e+02,4.5717228215239807e+01
5.8000000000000003e-02,9.4199999999999995e-01,8.6927224611726228e+02,4.5346014160856896e+01
5.9000000000000004e-02,9.4099999999999995e-01,8.6835682782160995e+02,4.4984500482821346e+01
5.9999999999999998e-02,9.3999999999999995e-01,8.6744140952595774e+02,4.4632281069323156e+01
6.0999999999999999e-02,9.3900000000000006e-01,8.6652599123030552e+02,4.4288973201493413e+01
6.2000000000000000e-02,9.3799999999999994e-01,8.6561057293465296e+02,4.3954215850130360e+01
6.3000000000000000e-02,9.3700000000000006e-01,8.6469515463900075e+02,4.3627668121547678e+01
6.4000000000000001e-02,9.3599999999999994e-01,8.6377973634334830e+02,4.3309007837359601e+01
6.5000000000000002e-02,9.3500000000000005e-01,8.6286431804769597e+02,4.2997930234773996e+01
6.6000000000000003e-02,9.3399999999999994e-01,8.6194889975204353e+02,4.2694146775494339e+01
6.7000000000000004e-02,9.3300000000000005e-01,8.6103348145639131e+02,4.2397384052666936e+01
6.8000000000000005e-02,9.3199999999999994e-01,8.6011806316073887e+02,4.2107382786477523e+01
6.9000000000000006e-02,9.3100000000000005e-01,8.5920264486508654e+02,4.1823896900025126e+01
7.0000000000000007e-02,9.2999999999999994e-01,8.5828722656943410e+02,4.1546692668000446e+01
7.1000000000000008e-02,9.2900000000000005e-01,8.5737180827378188e+02,4.1275547931486948e+01
7.2000000000000008e-02,9.2799999999999994e-01,8.5645638997812944e+02,4.1010251372900761e+01
7.2999999999999995e-02,9.2700000000000005e-01,8.5554097168247722e+02,4.0750601845701418e+01
7.3999999999999996e-02,9.2600000000000005e-01,8.5462555338682489e+02,4.0496407754051162e+01
7.4999999999999997e-02,9.2500000000000004e-01,8.5371013509117256e+02,4.0247486478083403e+01
7.5999999999999998e-02,9.2400000000000004e-01,8.5279471679552012e+02,4.0003663840870388e+01
7.6999999999999999e-02,9.2300000000000004e-01,8.5187929849986779e+02,3.9764773613561857e+01
7.8000000000000000e-02,9.2200000000000004e-01,8.5096388020421546e+02,3.9530657055506232e+01
7.9000000000000001e-02,9.2100000000000004e-01,8.5004846190856301e+02,3.9301162486469501e+01
8.0000000000000002e-02,9.2000000000000004e-01,8.4913304361291068e+02,3.9076144888337787e+01
8.1000000000000003e-02,9.1900000000000004e-01,8.4821762531725835e+02,3.8855465533932296e+01
8.2000000000000003e-02,9.1800000000000004e-01,8.4730220702160614e+02,3.8638991640782649e+01
8.3000000000000004e-02,9.1700000000000004e-01,8.4638678872595369e+02,3.8426596047899615e+01
8.4000000000000005e-02,9.1600000000000004e-01,8.4547137043030136e+02,3.8218156913763494e+01
8.5000000000000006e-02,9.1500000000000004e-01,8.4455595213464903e+02,3.8013557433902321e+01
8.6000000000000007e-02,9.1400000000000003e-01,8.4364053383899659e+02,3.7812685576575952e+01
8.7000000000000008e-02,9.1300000000000003e-01,8.4272511554334426e+02,3.7615433835210219e+01
8.7999999999999995e-02,9.1200000000000003e-01,8.4180969724769193e+02,3.7421698996341412e+01
8.8999999999999996e-02,9.1100000000000003e-01,8.4089427895203960e+02,3.7231381921935800e+01
8.9999999999999997e-02,9.1000000000000003e-01,8.3997886065638716e+02,3.7044387345043653e+01
9.0999999999999998e-02,9.0900000000000003e-01,8.3906344236073483e+02,3.6860623677833466e+01
9.1999999999999998e-02,9.0800000000000003e-01,8.3814802406508250e+02,3.6680002831129663e+01
9.2999999999999999e-02,9.0700000000000003e-01,8.3723260576943017e+02,3.6502440044648132e+01
9.4000000000000000e-02,9.0600000000000003e-01,8.3631718747377784e+02,3.6327853727188320e+01
9.5000000000000001e-02,9.0500000000000003e-01,8.3540176917812551e+02,3.6156165306099162e+01
9.6000000000000002e-02,9.0400000000000003e-01,8.3448635088247318e+02,3.5987299085389658e+01
9.7000000000000003e-02,9.0300000000000002e-01,8.3357093258682073e+02,3.5821182111903632e+01
9.8000000000000004e-02,9.0200000000000002e-01,8.3265551429116840e+02,3.5657744049022568e+01
9.9000000000000005e-02,9.0100000000000002e-01,8.3174009599551607e+02,3.5496917057401490e+01
1.0000000000000001e-01,9.0000000000000002e-01,8.3082467769986363e+02,3.5338635682279481e+01
1.0100000000000001e-01,8.9900000000000002e-01,8.2990925940421130e+02,3.5182836746941163e+01
1.0200000000000001e-01,8.9800000000000002e-01,8.2899384110855897e+02,3.5029459251936103e+01
1.0300000000000001e-01,8.9700000000000002e-01,8.2807842281290664e+02,3.4878444279692260e+01
1.0400000000000001e-01,8.9600000000000002e-01,8.2716300451725431e+02,3.4729734904185513e+01
1.0500000000000000e-01,8.9500000000000002e-01,8.2624758622160198e+02,3.4583276105351750e+01
1.0600000000000000e-01,8.9400000000000002e-01,8.2533216792594965e+02,3.4439014687949943e+01
1.0700000000000000e-01,8.9300000000000002e-01,8.2441674963029720e+02,3.4296899204605623e+01
1.0800000000000000e-01,8.9200000000000002e-01,8.2350133133464487e+02,3.4156879882782206e+01
1.0900000000000000e-01,8.9100000000000001e-01,8.2258591303899254e+02,3.4018908555445861e+01
1.1000000000000000e-01,8.9000000000000001e-01,8.2167049474334021e+02,3.3882938595205005e+01
1.1100000000000000e-01,8.8900000000000001e-01,8.2075507644768777e+02,3.3748924851720666e+01
1.1200000000000000e-01,8.8800000000000001e-01,8.1983965815203544e+02,3.3616823592197413e+01
1.1300000000000000e-01,8.8700000000000001e-01,8.1892423985638311e+02,3.3486592444777450e+01
1.1400000000000000e-01,8.8600000000000001e-01,8.1800882156073067e+02,3.3358190344671854e+01
1.1500000000000000e-01,8.8500000000000001e-01,8.1709340326507845e+02,3.3231577482874037e+01
1.1600000000000001e-01,8.8400000000000001e-01,8.1617798496942612e+02,3.3106715257310498e+01
1.1700000000000001e-01,8.8300000000000001e-01,8.1526256667377379e+02,3.2983566226293078e+01
1.1800000000000001e-01,8.8200000000000001e-01,8.1434714837812135e+02,3.2862094064145786e+01
1.1900000000000001e-01,8.8100000000000001e-01,8.1343173008246902e+02,3.2742263518887128e+01
1.2000000000000000e-01,8.8000000000000000e-01,8.1251631178681669e+02,3.2624040371856481e+01
1.2100000000000000e-01,8.7900000000000000e-01,8.1160089349116424e+02,3.2507391399179710e+01
1.2200000000000000e-01,8.7800000000000000e-01,8.1068547519551191e+02,3.2392284334976061e+01
1.2300000000000000e-01,8.7700000000000000e-01,8.0977005689985958e+02,3.2278687836213905e+01
1.2400000000000000e-01,8.7600000000000000e-01,8.0885463860420725e+02,3.2166571449128959e+01
1.2500000000000000e-01,8.7500000000000000e-01,8.0793922030855492e+02,3.2055905577123390e+01
1.2600000000000000e-01,8.7400000000000000e-01,8.0702380201290259e+02,3.1946661450069378e+01
1.2700000000000000e-01,8.7300000000000000e-01,8.0610838371725026e+02,3.1838811094945090e+01
1.2800000000000000e-01,8.7200000000000000e-01,8.0519296542159782e+02,3.1732327307735229e+01
1.2900000000000000e-01,8.7100000000000000e-01,8.0427754712594549e+02,3.1627183626532418e+01
1.3000000000000000e-01,8.7000000000000000e-01,8.0336212883029316e+02,3.1523354305779137e+01
1.3100000000000001e-01,8.6899999999999999e-01,8.0244671053464083e+02,3.1420814291593619e+01
1.3200000000000001e-01,8.6799999999999999e-01,8.0153129223898839e+02,3.1319539198126186e+01
1.3300000000000001e-01,8.6699999999999999e-01,8.0061587394333606e+02,3.1219505284895519e+01
1.3400000000000001e-01,8.6599999999999999e-01,7.9970045564768373e+02,3.1120689435057372e+01
1.3500000000000001e-01,8.6499999999999999e-01,7.9878503735203128e+02,3.1023069134560583e+01
1.3600000000000001e-01,8.6399999999999999e-01,7.9786961905637907e+02,3.0926622452148024e+01
1.3700000000000001e-01,8.6299999999999999e-01,7.9695420076072674e+02,3.0831328020162275e+01
1.3800000000000001e-01,8.6199999999999999e-01,7.9603878246507441e+02,3.0737165016118034e+01
1.3900000000000001e-01,8.6099999999999999e-01,7.9512336416942196e+02,3.0644113145005370e+01
1.4000000000000001e-01,8.5999999999999999e-01,7.9420794587376963e+02,3.0552152622289810e+01
1.4100000000000001e-01,8.5899999999999999e-01,7.9329252757811730e+02,3.0461264157577052e+01
1.4200000000000002e-01,8.5799999999999998e-01,7.9237710928246486e+02,3.0371428938911915e+01
1.4300000000000002e-01,8.5699999999999998e-01,7.9146169098681253e+02,3.0282628617682494e+01
1.4400000000000002e-01,8.5599999999999998e-01,7.9054627269116020e+02,3.0194845294102272e+01
1.4499999999999999e-01,8.5499999999999998e-01,7.8963085439550787e+02,3.0108061503244226e+01
1.4599999999999999e-01,8.5399999999999998e-01,7.8871543609985542e+02,3.0022260201602190e+01
1.4699999999999999e-01,8.5299999999999998e-01,7.8780001780420321e+02,2.9937424754156282e+01
1.4799999999999999e-01,8.5199999999999998e-01,7.8688459950855088e+02,2.9853538921920091e+01
1.4899999999999999e-01,8.5099999999999998e-01,7.8596918121289843e+02,2.9770586849948618e+01
1.4999999999999999e-01,8.4999999999999998e-01,7.8505376291724610e+02,2.9688553055786947e+01
1.5100000000000000e-01,8.4899999999999998e-01,7.8413834462159377e+02,2.9607422418340693e+01
1.5200000000000000e-01,8.4799999999999998e-01,7.8322292632594144e+02,2.9527180167150071e+01
1.5300000000000000e-01,8.4699999999999998e-01,7.8230750803028900e+02,2.9447811872050469e+01
1.5400000000000000e-01,8.4599999999999997e-01,7.8139208973463667e+02,2.9369303433203168e+01
1.5500000000000000e-01,8.4499999999999997e-01,7.8047667143898434e+02,2.9291641071480651e+01
1.5600000000000000e-01,8.4399999999999997e-01,7.7956125314333190e+02,2.9214811319191710e+01
1.5700000000000000e-01,8.4299999999999997e-01,7.7864583484767957e+02,2.9138801011132205e+01
1.5800000000000000e-01,8.4199999999999997e-01,7.7773041655202735e+02,2.9063597275948151e+01
1.5900000000000000e-01,8.4099999999999997e-01,7.7681499825637502e+02,2.8989187527798261e+01
1.6000000000000000e-01,8.3999999999999997e-01,7.7589957996072258e+02,2.8915559458303793e+01
1.6100000000000000e-01,8.3899999999999997e-01,7.7498416166507025e+02,2.8842701028774012e+01
1.6200000000000001e-01,8.3799999999999997e-01,7.7406874336941792e+02,2.8770600462696358e+01
1.6300000000000001e-01,8.3699999999999997e-01,7.7315332507376547e+02,2.8699246238480505e+01
1.6400000000000001e-01,8.3599999999999997e-01,7.7223790677811314e+02,2.8628627082446449e+01
1.6500000000000001e-01,8.3499999999999996e-01,7.7132248848246081e+02,2.8558731962046867e+01
1.6600000000000001e-01,8.3399999999999996e-01,7.7040707018680848e+02,2.8489550079314551e+01
1.6700000000000001e-01,8.3299999999999996e-01,7.6949165189115604e+02,2.8421070864526278e+01
1.6800000000000001e-01,8.3199999999999996e-01,7.6857623359550371e+02,2.8353283970074507e+01
1.6900000000000001e-01,8.3099999999999996e-01,7.6766081529985149e+02,2.8286179264539111e+01
1.7000000000000001e-01,8.2999999999999996e-01,7.6674539700419905e+02,2.8219746826951361e+01
1.7100000000000001e-01,8.2899999999999996e-01,7.6582997870854672e+02,2.8153976941242796e+01
1.7200000000000001e-01,8.2799999999999996e-01,7.6491456041289439e+02,2.8088860090872174e+01
1.7300000000000001e-01,8.2699999999999996e-01,7.6399914211724206e+02,2.8024386953623580e+01
1.7400000000000002e-01,8.2599999999999996e-01,7.6308372382158961e+02,2.7960548396569404e+01
1.7500000000000002e-01,8.2499999999999996e-01,7.6216830552593728e+02,2.7897335471192036e+01
1.7599999999999999e-01,8.2400000000000007e-01,7.6125288723028507e+02,2.7834739408658407e+01
1.7699999999999999e-01,8.2299999999999995e-01,7.6033746893463251e+02,2.7772751615241745e+01
1.7799999999999999e-01,8.2200000000000006e-01,7.5942205063898029e+02,2.7711363667885117e+01
1.7899999999999999e-01,8.2099999999999995e-01,7.5850663234332796e+02,2.7650567309901717e+01
1.7999999999999999e-01,8.2000000000000006e-01,7.5759121404767575e+02,2.7590354446806824e+01
1.8099999999999999e-01,8.1899999999999995e-01,7.5667579575202319e+02,2.7530717142276757e+01
1.8200000000000000e-01,8.1800000000000006e-01,7.5576037745637097e+02,2.7471647614230267e+01
1.8300000000000000e-01,8.1699999999999995e-01,7.5484495916071853e+02,2.7413138231028061e+01
1.8400000000000000e-01,8.1600000000000006e-01,7.5392954086506620e+02,2.7355181507786160e+01
1.8500000000000000e-01,8.1499999999999995e-01,7.5301412256941376e+02,2.7297770102799202e+01
1.8600000000000000e-01,8.1400000000000006e-01,7.5209870427376154e+02,2.7240896814069774e+01
1.8700000000000000e-01,8.1299999999999994e-01,7.5118328597810910e+02,2.7184554575940130e+01
1.8800000000000000e-01,8.1200000000000006e-01,7.5026786768245677e+02,2.7128736455822672e+01
1.8900000000000000e-01,8.1099999999999994e-01,7.4935244938680432e+02,2.7073435651025878e+01
1.9000000000000000e-01,8.1000000000000005e-01,7.4843703109115211e+02,2.7018645485672334e+01
1.9100000000000000e-01,8.0899999999999994e-01,7.4752161279549966e+02,2.6964359407705803e+01
1.9200000000000000e-01,8.0800000000000005e-01,7.4660619449984745e+02,2.6910570985984215e+01
1.9300000000000000e-01,8.0699999999999994e-01,7.4569077620419500e+02,2.6857273907455795e+01
1.9400000000000001e-01,8.0600000000000005e-01,7.4477535790854279e+02,2.6804461974415400e+01
1.9500000000000001e-01,8.0499999999999994e-01,7.4385993961289023e+02,2.6752129101838577e+01
1.9600000000000001e-01,8.0400000000000005e-01,7.4294452131723801e+02,2.6700269314790489e+01
1.9700000000000001e-01,8.0299999999999994e-01,7.4202910302158557e+02,2.6648876745907558e+01
1.9800000000000001e-01,8.0200000000000005e-01,7.4111368472593335e+02,2.6597945632949148e+01
1.9900000000000001e-01,8.0099999999999993e-01,7.4019826643028080e+02,2.6547470316417172e+01
2.0000000000000001e-01,8.0000000000000004e-01,7.3928284813462858e+02,2.6497445237241308e+01
2.0100000000000001e-01,7.9899999999999993e-01,7.3836742983897625e+02,2.6447864934527814e+01
2.0200000000000001e-01,7.9800000000000004e-01,7.3745201154332392e+02,2.6398724043369768e+01
2.0300000000000001e-01,7.9699999999999993e-01,7.3653659324767148e+02,2.6350017292716817e+01
2.0400000000000001e-01,7.9600000000000004e-01,7.3562117495201926e+02,2.6301739503302567e+01
2.0500000000000002e-01,7.9499999999999993e-01,7.3470575665636682e+02,2.6253885585627732e+01
2.0600000000000002e-01,7.9400000000000004e-01,7.3379033836071449e+02,2.6206450537997288e+01
2.0700000000000002e-01,7.9299999999999993e-01,7.3287492006506204e+02,2.6159429444610002e+01
2.0800000000000002e-01,7.9200000000000004e-01,7.3195950176940983e+02,2.6112817473698520e+01
2.0899999999999999e-01,7.9100000000000004e-01,7.3104408347375738e+02,2.6066609875718715e+01
2.0999999999999999e-01,7.9000000000000004e-01,7.3012866517810505e+02,2.6020801981586466e+01
2.1099999999999999e-01,7.8900000000000003e-01,7.2921324688245272e+02,2.5975389200960631e+01
2.1199999999999999e-01,7.8800000000000003e-01,7.2829782858680039e+02,2.5930367020570703e+01
2.1299999999999999e-01,7.8700000000000003e-01,7.2738241029114806e+02,2.5885731002587761e+01
2.1400000000000000e-01,7.8600000000000003e-01,7.2646699199549573e+02,2.5841476783037447e+01
2.1500000000000000e-01,7.8500000000000003e-01,7.2555157369984340e+02,2.5797600070253694e+01
2.1600000000000000e-01,7.8400000000000003e-01,7.2463615540419096e+02,2.5754096643371941e+01
2.1700000000000000e-01,7.8300000000000003e-01,7.2372073710853863e+02,2.5710962350860683e+01
2.1800000000000000e-01,7.8200000000000003e-01,7.2280531881288630e+02,2.5668193109090176e+01
2.1900000000000000e-01,7.8100000000000003e-01,7.2188990051723397e+02,2.5625784900937262e+01
2.2000000000000000e-01,7.8000000000000003e-01,7.2097448222158152e+02,2.5583733774425149e+01
2.2100000000000000e-01,7.7900000000000003e-01,7.2005906392592919e+02,2.5542035841397180e+01
2.2200000000000000e-01,7.7800000000000002e-01,7.1914364563027686e+02,2.5500687276223601e+01
2.2300000000000000e-01,7.7700000000000002e-01,7.1822822733462442e+02,2.5459684314540333e+01
2.2400000000000000e-01,7.7600000000000002e-01,7.1731280903897220e+02,2.5419023252018768e+01
2.2500000000000001e-01,7.7500000000000002e-01,7.1639739074331987e+02,2.5378700443165886e+01
2.2600000000000001e-01,7.7400000000000002e-01,7.1548197244766754e+02,2.5338712300153535e+01
2.2700000000000001e-01,7.7300000000000002e-01,7.1456655415201510e+02,2.5299055291676279e+01
2.2800000000000001e-01,7.7200000000000002e-01,7.1365113585636277e+02,2.5259725941836873e+01
2.2900000000000001e-01,7.7100000000000002e-01,7.1273571756071044e+02,2.5220720829058642e+01
2.3000000000000001e-01,7.7000000000000002e-01,7.1182029926505800e+02,2.5182036585023930e+01
2.3100000000000001e-01,7.6900000000000002e-01,7.1090488096940567e+02,2.5143669893637941e+01
2.3200000000000001e-01,7.6800000000000002e-01,7.0998946267375334e+02,2.5105617490017281e+01
2.3300000000000001e-01,7.6700000000000002e-01,7.0907404437810101e+02,2.5067876159502426e+01
2.3400000000000001e-01,7.6600000000000001e-01,7.0815862608244868e+02,2.5030442736693534e+01
2.3500000000000001e-01,7.6500000000000001e-01,7.0724320778679635e+02,2.4993314104508897e+01
2.3600000000000002e-01,7.6400000000000001e-01,7.0632778949114402e+02,2.4956487193265456e+01
2.3700000000000002e-01,7.6300000000000001e-01,7.0541237119549157e+02,2.4919958979780723e+01
2.3800000000000002e-01,7.6200000000000001e-01,7.0449695289983924e+02,2.4883726486495565e+01
2.3900000000000002e-01,7.6100000000000001e-01,7.0358153460418691e+02,2.4847786780617270e+01
2.3999999999999999e-01,7.6000000000000001e-01,7.0266611630853458e+02,2.4812136973282328e+01
2.4099999999999999e-01,7.5900000000000001e-01,7.0175069801288214e+02,2.4776774218738424e+01
2.4199999999999999e-01,7.5800000000000001e-01,7.0083527971722981e+02,2.4741695713545099e+01
2.4299999999999999e-01,7.5700000000000001e-01,6.9991986142157748e+02,2.4706898695792585e+01
2.4399999999999999e-01,7.5600000000000001e-01,6.9900444312592504e+02,2.4672380444338373e+01
2.4500000000000000e-01,7.5500000000000000e-01,6.9808902483027282e+02,2.4638138278060929e+01
2.4600000000000000e-01,7.5400000000000000e-01,6.9717360653462049e+02,2.4604169555130262e+01
2.4700000000000000e-01,7.5300000000000000e-01,6.9625818823896816e+02,2.4570471672294783e+01
2.4800000000000000e-01,7.5200000000000000e-01,6.9534276994331572e+02,2.4537042064184039e+01
2.4900000000000000e-01,7.5100000000000000e-01,6.9442735164766339e+02,2.4503878202626954e+01
2.5000000000000000e-01,7.5000000000000000e-01,6.9351193335201106e+02,2.4470977595985168e+01
2.5100000000000000e-01,7.4900000000000000e-01,6.9259651505635861e+02,2.4438337788501034e+01
2.5200000000000000e-01,7.4800000000000000e-01,6.9168109676070628e+02,2.4405956359659911e+01
2.5300000000000000e-01,7.4700000000000000e-01,6.9076567846505395e+02,2.4373830923566469e+01
2.5400000000000000e-01,7.4600000000000000e-01,6.8985026016940162e+02,2.4341959128334484e+01
2.5500000000000000e-01,7.4500000000000000e-01,6.8893484187374918e+02,2.4310338655489950e+01
2.5600000000000001e-01,7.4399999999999999e-01,6.8801942357809696e+02,2.4278967219387031e+01
2.5700000000000001e-01,7.4299999999999999e-01,6.8710400528244463e+02,2.4247842566636649e+01
2.5800000000000001e-01,7.4199999999999999e-01,6.8618858698679219e+02,2.4216962475547273e+01
2.5900000000000001e-01,7.4099999999999999e-01,6.8527316869113986e+02,2.4186324755577662e+01
2.6000000000000001e-01,7.3999999999999999e-01,6.8435775039548753e+02,2.4155927246801330e+01
2.6100000000000001e-01,7.3899999999999999e-01,6.8344233209983520e+02,2.4125767819382265e+01
2.6200000000000001e-01,7.3799999999999999e-01,6.8252691380418275e+02,2.4095844373061801e+01
2.6300000000000001e-01,7.3699999999999999e-01,6.8161149550853042e+02,2.4066154836656278e+01
2.6400000000000001e-01,7.3599999999999999e-01,6.8069607721287809e+02,2.4036697167565212e+01
2.6500000000000001e-01,7.3499999999999999e-01,6.7978065891722565e+02,2.4007469351289778e+01
2.6600000000000001e-01,7.3399999999999999e-01,6.7886524062157332e+02,2.3978469400961306e+01
2.6700000000000002e-01,7.3299999999999998e-01,6.7794982232592110e+02,2.3949695356879548e+01
2.6800000000000002e-01,7.3199999999999998e-01,6.7703440403026877e+02,2.3921145286060543e+01
2.6900000000000002e-01,7.3099999999999998e-01,6.7611898573461633e+02,2.3892817281793704e+01
2.7000000000000002e-01,7.2999999999999998e-01,6.7520356743896400e+02,2.3864709463208094e+01
2.7100000000000002e-01,7.2899999999999998e-01,6.7428814914331167e+02,2.3836819974847504e+01
2.7200000000000002e-01,7.2799999999999998e-01,6.7337273084765923e+02,2.3809146986254238e+01
2.7300000000000002e-01,7.2699999999999998e-01,6.7245731255200690e+02,2.3781688691561325e+01
2.7400000000000002e-01,7.2599999999999998e-01,6.7154189425635457e+02,2.3754443309092984e+01
2.7500000000000002e-01,7.2499999999999998e-01,6.7062647596070224e+02,2.3727409080973171e+01
2.7600000000000002e-01,7.2399999999999998e-01,6.6971105766504979e+02,2.3700584272741978e+01
2.7700000000000002e-01,7.2299999999999998e-01,6.6879563936939758e+02,2.3673967172979701e+01
2.7800000000000002e-01,7.2199999999999998e-01,6.6788022107374525e+02,2.3647556092938459e+01
2.7900000000000003e-01,7.2099999999999997e-01,6.6696480277809280e+02,2.3621349366181089e+01
2.8000000000000003e-01,7.1999999999999997e-01,6.6604938448244047e+02,2.3595345348227234e+01
2.8100000000000003e-01,7.1899999999999997e-01,6.6513396618678814e+02,2.3569542416206414e+01
2.8200000000000003e-01,7.1799999999999997e-01,6.6421854789113581e+02,2.3543938968517939e+01
2.8300000000000003e-01,7.1699999999999997e-01,6.6330312959548337e+02,2.3518533424497484e+01
2.8400000000000003e-01,7.1599999999999997e-01,6.6238771129983104e+02,2.3493324224090191e+01
2.8500000000000003e-01,7.1499999999999997e-01,6.6147229300417871e+02,2.3468309827530152e+01
2.8600000000000003e-01,7.1399999999999997e-01,6.6055687470852627e+02,2.3443488715026138e+01
2.8700000000000003e-01,7.1299999999999997e-01,6.5964145641287394e+02,2.3418859386453356e+01
2.8800000000000003e-01,7.1199999999999997e-01,6.5872603811722172e+02,2.3394420361051232e+01
2.8899999999999998e-01,7.1100000000000008e-01,6.5781061982156950e+02,2.3370170177126983e+01
2.8999999999999998e-01,7.0999999999999996e-01,6.5689520152591695e+02,2.3346107391764839e+01
2.9099999999999998e-01,7.0900000000000007e-01,6.5597978323026473e+02,2.3322230580540889e+01
2.9199999999999998e-01,7.0799999999999996e-01,6.5506436493461229e+02,2.3298538337243318e+01
2.9299999999999998e-01,7.0700000000000007e-01,6.5414894663895996e+02,2.3275029273597994e+01
2.9399999999999998e-01,7.0599999999999996e-01,6.5323352834330751e+02,2.3251702018999222e+01
2.9499999999999998e-01,7.0500000000000007e-01,6.5231811004765530e+02,2.3228555220245592e+01
2.9599999999999999e-01,7.0399999999999996e-01,6.5140269175200285e+02,2.3205587541280835e+01
2.9699999999999999e-01,7.0300000000000007e-01,6.5048727345635052e+02,2.3182797662939485e+01
2.9799999999999999e-01,7.0199999999999996e-01,6.4957185516069808e+02,2.3160184282697347e+01
2.9899999999999999e-01,7.0100000000000007e-01,6.4865643686504586e+02,2.3137746114426594e+01
2.9999999999999999e-01,6.9999999999999996e-01,6.4774101856939342e+02,2.3115481888155447e+01
3.0099999999999999e-01,6.9900000000000007e-01,6.4682560027374120e+02,2.3093390349832273e+01
3.0199999999999999e-01,6.9799999999999995e-01,6.4591018197808876e+02,2.3071470261094074e+01
3.0299999999999999e-01,6.9700000000000006e-01,6.4499476368243654e+02,2.3049720399039241e+01
3.0399999999999999e-01,6.9599999999999995e-01,6.4407934538678398e+02,2.3028139556004476e+01
3.0499999999999999e-01,6.9500000000000006e-01,6.4316392709113177e+02,2.3006726539345788e+01
3.0599999999999999e-01,6.9399999999999995e-01,6.4224850879547932e+02,2.2985480171223553e+01
3.0700000000000000e-01,6.9300000000000006e-01,6.4133309049982699e+02,2.2964399288391395e+01
3.0800000000000000e-01,6.9199999999999995e-01,6.4041767220417455e+02,2.2943482741988987e+01
3.0900000000000000e-01,6.9100000000000006e-01,6.3950225390852233e+02,2.2922729397338557e+01
3.1000000000000000e-01,6.8999999999999995e-01,6.3858683561287000e+02,2.2902138133745112e+01
3.1100000000000000e-01,6.8900000000000006e-01,6.3767141731721767e+02,2.2881707844300202e+01
3.1200000000000000e-01,6.8799999999999994e-01,6.3675599902156523e+02,2.2861437435689261e+01
3.1300000000000000e-01,6.8700000000000006e-01,6.3584058072591301e+02,2.2841325828002386e+01
3.1400000000000000e-01,6.8599999999999994e-01,6.3492516243026046e+02,2.2821371954548496e+01
3.1500000000000000e-01,6.8500000000000005e-01,6.3400974413460824e+02,2.2801574761672775e+01
3.1600000000000000e-01,6.8399999999999994e-01,6.3309432583895580e+02,2.2781933208577421e+01
3.1700000000000000e-01,6.8300000000000005e-01,6.3217890754330358e+02,2.2762446267145513e+01
3.1800000000000000e-01,6.8199999999999994e-01,6.3126348924765102e+02,2.2743112921768020e+01
3.1900000000000001e-01,6.8100000000000005e-01,6.3034807095199881e+02,2.2723932169173850e+01
3.2000000000000001e-01,6.7999999999999994e-01,6.2943265265634636e+02,2.2704903018262915e+01
3.2100000000000001e-01,6.7900000000000005e-01,6.2851723436069403e+02,2.2686024489942060e+01
3.2200000000000001e-01,6.7799999999999994e-01,6.2760181606504170e+02,2.2667295616963951e+01
3.2300000000000001e-01,6.7700000000000005e-01,6.2668639776938949e+02,2.2648715443768687e+01
3.2400000000000001e-01,6.7599999999999993e-01,6.2577097947373704e+02,2.2630283026328254e+01
3.2500000000000001e-01,6.7500000000000004e-01,6.2485556117808471e+02,2.2611997431993579e+01
3.2600000000000001e-01,6.7399999999999993e-01,6.2394014288243227e+02,2.2593857739344354e+01
3.2700000000000001e-01,6.7300000000000004e-01,6.2302472458678005e+02,2.2575863038041337e+01
3.2800000000000001e-01,6.7199999999999993e-01,6.2210930629112750e+02,2.2558012428681295e+01
3.2900000000000001e-01,6.7100000000000004e-01,6.2119388799547528e+02,2.2540305022654380e+01
3.3000000000000002e-01,6.6999999999999993e-01,6.2027846969982284e+02,2.2522739942003962e+01
3.3100000000000002e-01,6.6900000000000004e-01,6.1936305140417062e+02,2.2505316319288912e+01
3.3200000000000002e-01,6.6799999999999993e-01,6.1844763310851818e+02,2.2488033297448162e+01
3.3300000000000002e-01,6.6700000000000004e-01,6.1753221481286596e+02,2.2470890029667611e+01
3.3400000000000002e-01,6.6599999999999993e-01,6.1661679651721352e+02,2.2453885679249314e+01
3.3500000000000002e-01,6.6500000000000004e-01,6.1570137822156119e+02,2.2437019419482837e+01
3.3600000000000002e-01,6.6399999999999992e-01,6.1478595992590874e+02,2.2420290433518847e+01
3.3700000000000002e-01,6.6300000000000003e-01,6.1387054163025653e+02,2.2403697914244788e+01
3.3800000000000002e-01,6.6199999999999992e-01,6.1295512333460408e+02,2.2387241064162698e+01
3.3900000000000002e-01,6.6100000000000003e-01,6.1203970503895175e+02,2.2370919095269027e+01
3.4000000000000002e-01,6.5999999999999992e-01,6.1112428674329931e+02,2.2354731228936540e+01
3.4100000000000003e-01,6.5900000000000003e-01,6.1020886844764709e+02,2.2338676695798114e+01
3.4200000000000003e-01,6.5799999999999992e-01,6.0929345015199465e+02,2.2322754735632579e+01
3.4300000000000003e-01,6.5700000000000003e-01,6.0837803185634243e+02,2.2306964597252357e+01
3.4400000000000003e-01,6.5599999999999992e-01,6.0746261356068999e+02,2.2291305538393065e+01
3.4500000000000003e-01,6.5500000000000003e-01,6.0654719526503777e+02,2.2275776825604883e+01
3.4600000000000003e-01,6.5399999999999991e-01,6.0563177696938521e+02,2.2260377734145774e+01
3.4700000000000003e-01,6.5300000000000002e-01,6.0471635867373300e+02,2.2245107547876430e+01
3.4800000000000003e-01,6.5199999999999991e-01,6.0380094037808055e+02,2.2229965559157002e+01
3.4900000000000003e-01,6.5100000000000002e-01,6.0288552208242822e+02,2.2214951068745478e+01
3.5000000000000003e-01,6.4999999999999991e-01,6.0197010378677578e+02,2.2200063385697785e+01
3.5100000000000003e-01,6.4900000000000002e-01,6.0105468549112356e+02,2.2185301827269498e+01
3.5199999999999998e-01,6.4800000000000002e-01,6.0013926719547123e+02,2.2170665718819205e+01
3.5299999999999998e-01,6.4700000000000002e-01,5.9922384889981879e+02,2.2156154393713386e+01
3.5399999999999998e-01,6.4600000000000002e-01,5.9830843060416657e+02,2.2141767193232916e+01
3.5499999999999998e-01,6.4500000000000002e-01,5.9739301230851424e+02,2.2127503466481070e+01
3.5599999999999998e-01,6.4400000000000002e-01,5.9647759401286180e+02,2.2113362570293020e+01
3.5699999999999998e-01,6.4300000000000002e-01,5.9556217571720947e+02,2.2099343869146821e+01
3.5799999999999998e-01,6.4200000000000002e-01,5.9464675742155714e+02,2.2085446735075823e+01
3.5899999999999999e-01,6.4100000000000001e-01,5.9373133912590481e+02,2.2071670547582553e+01
3.5999999999999999e-01,6.4000000000000001e-01,5.9281592083025237e+02,2.2058014693553922e+01
3.6099999999999999e-01,6.3900000000000001e-01,5.9190050253460004e+02,2.2044478567177876e+01
3.6199999999999999e-01,6.3800000000000001e-01,5.9098508423894771e+02,2.2031061569861343e+01
3.6299999999999999e-01,6.3700000000000001e-01,5.9006966594329526e+02,2.2017763110149559e+01
3.6399999999999999e-01,6.3600000000000001e-01,5.8915424764764293e+02,2.2004582603646622e+01
3.6499999999999999e-01,6.3500000000000001e-01,5.8823882935199072e+02,2.1991519472937398e+01
3.6599999999999999e-01,6.3400000000000001e-01,5.8732341105633839e+02,2.1978573147510673e+01
3.6699999999999999e-01,6.3300000000000001e-01,5.8640799276068594e+02,2.1965743063683480e+01
3.6799999999999999e-01,6.3200000000000001e-01,5.8549257446503361e+02,2.1953028664526716e+01
3.6899999999999999e-01,6.3100000000000001e-01,5.8457715616938128e+02,2.1940429399791935e+01
3.7000000000000000e-01,6.3000000000000000e-01,5.8366173787372884e+02,2.1927944725839279e+01
3.7100000000000000e-01,6.2900000000000000e-01,5.8274631957807651e+02,2.1915574105566606e+01
3.7200000000000000e-01,6.2800000000000000e-01,5.8183090128242418e+02,2.1903317008339737e+01
3.7300000000000000e-01,6.2700000000000000e-01,5.8091548298677185e+02,2.1891172909923828e+01
3.7400000000000000e-01,6.2600000000000000e-01,5.8000006469111941e+02,2.1879141292415813e+01
3.7500000000000000e-01,6.2500000000000000e-01,5.7908464639546708e+02,2.1867221644177977e+01
3.7600000000000000e-01,6.2400000000000000e-01,5.7816922809981486e+02,2.1855413459772532e+01
3.7700000000000000e-01,6.2300000000000000e-01,5.7725380980416242e+02,2.1843716239897290e+01
3.7800000000000000e-01,6.2200000000000000e-01,5.7633839150851009e+02,2.1832129491322316e+01
3.7900000000000000e-01,6.2100000000000000e-01,5.7542297321285776e+02,2.1820652726827639e+01
3.8000000000000000e-01,6.2000000000000000e-01,5.7450755491720543e+02,2.1809285465141926e+01
3.8100000000000001e-01,6.1899999999999999e-01,5.7359213662155298e+02,2.1798027230882138e+01
3.8200000000000001e-01,6.1799999999999999e-01,5.7267671832590065e+02,2.1786877554494151e+01
3.8300000000000001e-01,6.1699999999999999e-01,5.7176130003024832e+02,2.1775835972194333e+01
3.8400000000000001e-01,6.1599999999999999e-01,5.7084588173459588e+02,2.1764902025912047e+01
3.8500000000000001e-01,6.1499999999999999e-01,5.6993046343894355e+02,2.1754075263233062e+01
3.8600000000000001e-01,6.1399999999999999e-01,5.6901504514329133e+02,2.1743355237343870e+01
3.8700000000000001e-01,6.1299999999999999e-01,5.6809962684763900e+02,2.1732741506976911e+01
3.8800000000000001e-01,6.1199999999999999e-01,5.6718420855198656e+02,2.1722233636356659e+01
3.8900000000000001e-01,6.1099999999999999e-01,5.6626879025633423e+02,2.1711831195146527e+01
3.9000000000000001e-01,6.0999999999999999e-01,5.6535337196068190e+02,2.1701533758396710e+01
3.9100000000000001e-01,6.0899999999999999e-01,5.6443795366502945e+02,2.1691340906492783e+01
3.9200000000000002e-01,6.0799999999999998e-01,5.6352253536937712e+02,2.1681252225105158e+01
3.9300000000000002e-01,6.0699999999999998e-01,5.6260711707372479e+02,2.1671267305139331e+01
3.9400000000000002e-01,6.0599999999999998e-01,5.6169169877807246e+02,2.1661385742686942e+01
3.9500000000000002e-01,6.0499999999999998e-01,5.6077628048242002e+02,2.1651607138977617e+01
3.9600000000000002e-01,6.0399999999999998e-01,5.5986086218676769e+02,2.1641931100331565e+01
3.9700000000000002e-01,6.0299999999999998e-01,5.5894544389111547e+02,2.1632357238112956e+01
3.9800000000000002e-01,6.0199999999999998e-01,5.5803002559546303e+02,2.1622885168684054e+01
3.9900000000000002e-01,6.0099999999999998e-01,5.5711460729981070e+02,2.1613514513360041e+01
4.0000000000000002e-01,5.9999999999999998e-01,5.5619918900415837e+02,2.1604244898364644e+01
4.0100000000000002e-01,5.9899999999999998e-01,5.5528377070850604e+02,2.1595075954786417e+01
4.0200000000000002e-01,5.9799999999999998e-01,5.5436835241285360e+02,2.1586007318535746e+01
4.0300000000000002e-01,5.9699999999999998e-01,5.5345293411720127e+02,2.1577038630302567e+01
4.0400000000000003e-01,5.9599999999999997e-01,5.5253751582154894e+02,2.1568169535514755e+01
4.0500000000000003e-01,5.9499999999999997e-01,5.5162209752589649e+02,2.1559399684297180e+01
4.0600000000000003e-01,5.9399999999999997e-01,5.5070667923024416e+02,2.1550728731431462e+01
4.0700000000000003e-01,5.9299999999999997e-01,5.4979126093459183e+02,2.1542156336316342e+01
4.0800000000000003e-01,5.9199999999999997e-01,5.4887584263893962e+02,2.1533682162928738e+01
4.0900000000000003e-01,5.9099999999999997e-01,5.4796042434328717e+02,2.1525305879785403e+01
4.1000000000000003e-01,5.8999999999999997e-01,5.4704500604763484e+02,2.1517027159905247e+01
4.1100000000000003e-01,5.8899999999999997e-01,5.4612958775198251e+02,2.1508845680772264e+01
4.1200000000000003e-01,5.8799999999999997e-01,5.4521416945633007e+02,2.1500761124299068e+01
4.1300000000000003e-01,5.8699999999999997e-01,5.4429875116067774e+02,2.1492773176791026e+01
4.1400000000000003e-01,5.8599999999999997e-01,5.4338333286502541e+02,2.1484881528911021e+01
4.1500000000000004e-01,5.8499999999999996e-01,5.4246791456937308e+02,2.1477085875644764e+01
4.1600000000000004e-01,5.8399999999999996e-01,5.4155249627372064e+02,2.1469385916266706e+01
4.1699999999999998e-01,5.8299999999999996e-01,5.4063707797806831e+02,2.1461781354306510e+01
4.1799999999999998e-01,5.8200000000000007e-01,5.3972165968241609e+02,2.1454271897516097e+01
4.1899999999999998e-01,5.8099999999999996e-01,5.3880624138676365e+02,2.1446857257837266e+01
4.1999999999999998e-01,5.8000000000000007e-01,5.3789082309111143e+02,2.1439537151369805e+01
4.2099999999999999e-01,5.7899999999999996e-01,5.3697540479545899e+02,2.1432311298340228e+01
4.2199999999999999e-01,5.7800000000000007e-01,5.3605998649980677e+02,2.1425179423070947e+01
4.2299999999999999e-01,5.7699999999999996e-01,5.3514456820415421e+02,2.1418141253950100e+01
4.2399999999999999e-01,5.7600000000000007e-01,5.3422914990850200e+02,2.1411196523401756e+01
4.2499999999999999e-01,5.7499999999999996e-01,5.3331373161284955e+02,2.1404344967856783e+01
4.2599999999999999e-01,5.7400000000000007e-01,5.3239831331719722e+02,2.1397586327724071e+01
4.2699999999999999e-01,5.7299999999999995e-01,5.3148289502154478e+02,2.1390920347362407e+01
4.2799999999999999e-01,5.7200000000000006e-01,5.3056747672589256e+02,2.1384346775052734e+01
4.2899999999999999e-01,5.7099999999999995e-01,5.2965205843024023e+02,2.1377865362970965e+01
4.2999999999999999e-01,5.7000000000000006e-01,5.2873664013458790e+02,2.1371475867161266e+01
4.3099999999999999e-01,5.6899999999999995e-01,5.2782122183893546e+02,2.1365178047509769e+01
4.3200000000000000e-01,5.6800000000000006e-01,5.2690580354328324e+02,2.1358971667718855e+01
4.3300000000000000e-01,5.6699999999999995e-01,5.2599038524763068e+02,2.1352856495281813e+01
4.3400000000000000e-01,5.6600000000000006e-01,5.2507496695197847e+02,2.1346832301458011e+01
4.3500000000000000e-01,5.6499999999999995e-01,5.2415954865632602e+02,2.1340898861248519e+01
4.3600000000000000e-01,5.6400000000000006e-01,5.2324413036067381e+02,2.1335055953372159e+01
4.3700000000000000e-01,5.6299999999999994e-01,5.2232871206502125e+02,2.1329303360242029e+01
4.3800000000000000e-01,5.6200000000000006e-01,5.2141329376936903e+02,2.1323640867942437e+01
4.3900000000000000e-01,5.6099999999999994e-01,5.2049787547371659e+02,2.1318068266206339e+01
4.4000000000000000e-01,5.6000000000000005e-01,5.1958245717806426e+02,2.1312585348393092e+01
4.4100000000000000e-01,5.5899999999999994e-01,5.1866703888241193e+02,2.1307191911466763e+01
4.4200000000000000e-01,5.5800000000000005e-01,5.1775162058675971e+02,2.1301887755974768e+01
4.4300000000000000e-01,5.5699999999999994e-01,5.1683620229110727e+02,2.1296672686026977e+01
4.4400000000000001e-01,5.5600000000000005e-01,5.1592078399545494e+02,2.1291546509275197e+01
4.4500000000000001e-01,5.5499999999999994e-01,5.1500536569980250e+02,2.1286509036893111e+01
4.4600000000000001e-01,5.5400000000000005e-01,5.1408994740415028e+02,2.1281560083556567e+01
4.4700000000000001e-01,5.5299999999999994e-01,5.1317452910849772e+02,2.1276699467424315e+01
4.4800000000000001e-01,5.5200000000000005e-01,5.1225911081284551e+02,2.1271927010119118e+01
4.4900000000000001e-01,5.5099999999999993e-01,5.1134369251719312e+02,2.1267242536709261e+01
4.5000000000000001e-01,5.5000000000000004e-01,5.1042827422154085e+02,2.1262645875690435e+01
4.5100000000000001e-01,5.4899999999999993e-01,5.0951285592588840e+02,2.1258136858968044e+01
4.5200000000000001e-01,5.4800000000000004e-01,5.0859743763023613e+02,2.1253715321839838e+01
4.5300000000000001e-01,5.4699999999999993e-01,5.0768201933458363e+02,2.1249381102978997e+01
4.5400000000000001e-01,5.4600000000000004e-01,5.0676660103893141e+02,2.1245134044417501e+01
4.5500000000000002e-01,5.4499999999999993e-01,5.0585118274327897e+02,2.1240973991529962e+01
4.5600000000000002e-01,5.4400000000000004e-01,5.0493576444762675e+02,2.1236900793017753e+01
4.5700000000000002e-01,5.4299999999999993e-01,5.0402034615197425e+02,2.1232914300893547e+01
4.5800000000000002e-01,5.4200000000000004e-01,5.0310492785632204e+02,2.1229014370466189e+01
4.5900000000000002e-01,5.4099999999999993e-01,5.0218950956066959e+02,2.1225200860325948e+01
4.6000000000000002e-01,5.4000000000000004e-01,5.0127409126501732e+02,2.1221473632330106e+01
4.6100000000000002e-01,5.3899999999999992e-01,5.0035867296936487e+02,2.1217832551588927e+01
4.6200000000000002e-01,5.3800000000000003e-01,4.9944325467371260e+02,2.1214277486451930e+01
4.6300000000000002e-01,5.3699999999999992e-01,4.9852783637806016e+02,2.1210808308494578e+01
4.6400000000000002e-01,5.3600000000000003e-01,4.9761241808240788e+02,2.1207424892505216e+01
4.6500000000000002e-01,5.3499999999999992e-01,4.9669699978675550e+02,2.1204127116472467e+01
4.6600000000000003e-01,5.3400000000000003e-01,4.9578158149110322e+02,2.1200914861572855e+01
4.6700000000000003e-01,5.3299999999999992e-01,4.9486616319545072e+02,2.1197788012158860e+01
4.6800000000000003e-01,5.3200000000000003e-01,4.9395074489979851e+02,2.1194746455747222e+01
4.6900000000000003e-01,5.3099999999999992e-01,4.9303532660414601e+02,2.1191790083007664e+01
4.7000000000000003e-01,5.3000000000000003e-01,4.9211990830849379e+02,2.1188918787751852e+01
4.7100000000000003e-01,5.2899999999999991e-01,4.9120449001284135e+02,2.1186132466922775e+01
4.7200000000000003e-01,5.2800000000000002e-01,4.9028907171718913e+02,2.1183431020584383e+01
4.7300000000000003e-01,5.2699999999999991e-01,4.8937365342153663e+02,2.1180814351911582e+01
4.7400000000000003e-01,5.2600000000000002e-01,4.8845823512588436e+02,2.1178282367180525e+01
4.7500000000000003e-01,5.2499999999999991e-01,4.8754281683023197e+02,2.1175834975759273e+01
4.7600000000000003e-01,5.2400000000000002e-01,4.8662739853457970e+02,2.1173472090098699e+01
4.7700000000000004e-01,5.2299999999999991e-01,4.8571198023892725e+02,2.1171193625723784e+01
4.7800000000000004e-01,5.2200000000000002e-01,4.8479656194327498e+02,2.1168999501225176e+01
4.7900000000000004e-01,5.2099999999999991e-01,4.8388114364762254e+02,2.1166889638251078e+01
4.7999999999999998e-01,5.2000000000000002e-01,4.8296572535197026e+02,2.1164863961499442e+01
4.8099999999999998e-01,5.1900000000000002e-01,4.8205030705631788e+02,2.1162922398710510e+01
4.8199999999999998e-01,5.1800000000000002e-01,4.8113488876066560e+02,2.1161064880659591e+01
4.8299999999999998e-01,5.1700000000000002e-01,4.8021947046501322e+02,2.1159291341150219e+01
4.8399999999999999e-01,5.1600000000000001e-01,4.7930405216936089e+02,2.1157601717007548e+01
4.8499999999999999e-01,5.1500000000000001e-01,4.7838863387370850e+02,2.1155995948072121e+01
4.8599999999999999e-01,5.1400000000000001e-01,4.7747321557805617e+02,2.1154473977193891e+01
4.8699999999999999e-01,5.1300000000000001e-01,4.7655779728240384e+02,2.1153035750226557e+01
4.8799999999999999e-01,5.1200000000000001e-01,4.7564237898675145e+02,2.1151681216022212e+01
4.8899999999999999e-01,5.1100000000000001e-01,4.7472696069109912e+02,2.1150410326426268e+01
4.8999999999999999e-01,5.1000000000000001e-01,4.7381154239544674e+02,2.1149223036272719e+01
4.9099999999999999e-01,5.0900000000000001e-01,4.7289612409979441e+02,2.1148119303379652e+01
4.9199999999999999e-01,5.0800000000000001e-01,4.7198070580414208e+02,2.1147099088545094e+01
4.9299999999999999e-01,5.0700000000000001e-01,4.7106528750848975e+02,2.1146162355543126e+01
4.9399999999999999e-01,5.0600000000000001e-01,4.7014986921283736e+02,2.1145309071120337e+01
4.9500000000000000e-01,5.0500000000000000e-01,4.6923445091718497e+02,2.1144539204992505e+01
4.9600000000000000e-01,5.0400000000000000e-01,4.6831903262153264e+02,2.1143852729841633e+01
4.9700000000000000e-01,5.0300000000000000e-01,4.6740361432588026e+02,2.1143249621313252e+01
4.9800000000000000e-01,5.0200000000000000e-01,4.6648819603022798e+02,2.1142729858014015e+01
4.9900000000000000e-01,5.0100000000000000e-01,4.6557277773457560e+02,2.1142293421509596e+01
5.0000000000000000e-01,5.0000000000000000e-01,4.6465735943892327e+02,2.1141940296322861e+01
5.0100000000000000e-01,4.9900000000000000e-01,4.6374194114327088e+02,2.1141670469932357e+01
5.0200000000000000e-01,4.9800000000000000e-01,4.6282652284761855e+02,2.1141483932771067e+01
5.0300000000000000e-01,4.9700000000000000e-01,4.6191110455196622e+02,2.1141380678225477e+01
5.0400000000000000e-01,4.9600000000000000e-01,4.6099568625631383e+02,2.1141360702634923e+01
5.0500000000000000e-01,4.9500000000000000e-01,4.6008026796066150e+02,2.1141424005291221e+01
5.0600000000000001e-01,4.9399999999999999e-01,4.5916484966500911e+02,2.1141570588438608e+01
5.0700000000000001e-01,4.9299999999999999e-01,4.5824943136935678e+02,2.1141800457273959e+01
5.0800000000000001e-01,4.9199999999999999e-01,4.5733401307370440e+02,2.1142113619947299e+01
5.0900000000000001e-01,4.9099999999999999e-01,4.5641859477805212e+02,2.1142510087562606e+01
5.1000000000000001e-01,4.8999999999999999e-01,4.5550317648239974e+02,2.1142989874178909e+01
5.1100000000000001e-01,4.8899999999999999e-01,4.5458775818674735e+02,2.1143552996811657e+01
5.1200000000000001e-01,4.8799999999999999e-01,4.5367233989109502e+02,2.1144199475434423e+01
5.1300000000000001e-01,4.8699999999999999e-01,4.5275692159544263e+02,2.1144929332980841e+01
5.1400000000000001e-01,4.8599999999999999e-01,4.5184150329979036e+02,2.1145742595346892e+01
5.1500000000000001e-01,4.8499999999999999e-01,4.5092608500413797e+02,2.1146639291393452e+01
5.1600000000000001e-01,4.8399999999999999e-01,4.5001066670848564e+02,2.1147619452949119e+01
5.1700000000000002e-01,4.8299999999999998e-01,4.4909524841283326e+02,2.1148683114813377e+01
5.1800000000000002e-01,4.8199999999999998e-01,4.4817983011718087e+02,2.1149830314760024e+01
5.1900000000000002e-01,4.8099999999999998e-01,4.4726441182152860e+02,2.1151061093540900e+01
5.2000000000000002e-01,4.7999999999999998e-01,4.4634899352587621e+02,2.1152375494889906e+01
5.2100000000000002e-01,4.7899999999999998e-01,4.4543357523022388e+02,2.1153773565527331e+01
5.2200000000000002e-01,4.7799999999999998e-01,4.4451815693457149e+02,2.1155255355164478e+01
5.2300000000000002e-01,4.7699999999999998e-01,4.4360273863891916e+02,2.1156820916508572e+01
5.2400000000000002e-01,4.7599999999999998e-01,4.4268732034326678e+02,2.1158470305267976e+01
5.2500000000000002e-01,4.7499999999999998e-01,4.4177190204761445e+02,2.1160203580157713e+01
5.2600000000000002e-01,4.7399999999999998e-01,4.4085648375196212e+02,2.1162020802905285e+01
5.2700000000000002e-01,4.7299999999999998e-01,4.3994106545630973e+02,2.1163922038256782e+01
5.2800000000000002e-01,4.7199999999999998e-01,4.3902564716065740e+02,2.1165907353983325e+01
5.2900000000000003e-01,4.7099999999999997e-01,4.3811022886500501e+02,2.1167976820887773e+01
5.3000000000000003e-01,4.6999999999999997e-01,4.3719481056935274e+02,2.1170130512811774e+01
5.3100000000000003e-01,4.6899999999999997e-01,4.3627939227370035e+02,2.1172368506643103e+01
5.3200000000000003e-01,4.6799999999999997e-01,4.3536397397804797e+02,2.1174690882323318e+01
5.3300000000000003e-01,4.6699999999999997e-01,4.3444855568239564e+02,2.1177097722855699e+01
5.3400000000000003e-01,4.6599999999999997e-01,4.3353313738674325e+02,2.1179589114313558e+01
5.3500000000000003e-01,4.6499999999999997e-01,4.3261771909109092e+02,2.1182165145848792e+01
5.3600000000000003e-01,4.6399999999999997e-01,4.3170230079543859e+02,2.1184825909700812e+01
5.3700000000000003e-01,4.6299999999999997e-01,4.3078688249978626e+02,2.1187571501205756e+01
5.3800000000000003e-01,4.6199999999999997e-01,4.2987146420413387e+02,2.1190402018806019e+01
5.3900000000000003e-01,4.6099999999999997e-01,4.2895604590848149e+02,2.1193317564060116e+01
5.4000000000000004e-01,4.5999999999999996e-01,4.2804062761282916e+02,2.1196318241652865e+01
5.4100000000000004e-01,4.5899999999999996e-01,4.2712520931717683e+02,2.1199404159405908e+01
5.4200000000000004e-01,4.5799999999999996e-01,4.2620979102152450e+02,2.1202575428288519e+01
5.4300000000000004e-01,4.5699999999999996e-01,4.2529437272587211e+02,2.1205832162428791e+01
5.4400000000000004e-01,4.5599999999999996e-01,4.2437895443021978e+02,2.1209174479125110e+01
5.4500000000000004e-01,4.5499999999999996e-01,4.2346353613456739e+02,2.1212602498858004e+01
5.4600000000000004e-01,4.5399999999999996e-01,4.2254811783891506e+02,2.1216116345302282e+01
5.4700000000000004e-01,4.5299999999999996e-01,4.2163269954326273e+02,2.1219716145339561e+01
5.4800000000000004e-01,4.5199999999999996e-01,4.2071728124761034e+02,2.1223402029071089e+01
5.4900000000000004e-01,4.5099999999999996e-01,4.1980186295195801e+02,2.1227174129830932e+01
5.5000000000000004e-01,4.4999999999999996e-01,4.1888644465630563e+02,2.1231032584199518e+01
5.5100000000000005e-01,4.4899999999999995e-01,4.1797102636065330e+02,2.1234977532017517e+01
5.5200000000000005e-01,4.4799999999999995e-01,4.1705560806500097e+02,2.1239009116400048e+01
5.5300000000000005e-01,4.4699999999999995e-01,4.1614018976934858e+02,2.1243127483751302e+01
5.5400000000000005e-01,4.4599999999999995e-01,4.1522477147369625e+02,2.1247332783779452e+01
5.5500000000000005e-01,4.4499999999999995e-01,4.1430935317804386e+02,2.1251625169511982e+01
5.5600000000000005e-01,4.4399999999999995e-01,4.1339393488239153e+02,2.1256004797311341e+01
5.5700000000000005e-01,4.4299999999999995e-01,4.1247851658673920e+02,2.1260471826890974e+01
5.5800000000000005e-01,4.4199999999999995e-01,4.1156309829108687e+02,2.1265026421331740e+01
5.5900000000000005e-01,4.4099999999999995e-01,4.1064767999543449e+02,2.1269668747098677e+01
5.6000000000000005e-01,4.3999999999999995e-01,4.0973226169978210e+02,2.1274398974058151e+01
5.6100000000000005e-01,4.3899999999999995e-01,4.0881684340412977e+02,2.1279217275495405e+01
5.6200000000000006e-01,4.3799999999999994e-01,4.0790142510847744e+02,2.1284123828132469e+01
5.6300000000000006e-01,4.3699999999999994e-01,4.0698600681282511e+02,2.1289118812146459e+01
5.6400000000000006e-01,4.3599999999999994e-01,4.0607058851717272e+02,2.1294202411188280e+01
5.6500000000000006e-01,4.3499999999999994e-01,4.0515517022152039e+02,2.1299374812401723e+01
5.6600000000000006e-01,4.3399999999999994e-01,4.0423975192586801e+02,2.1304636206442932e+01
5.6700000000000006e-01,4.3299999999999994e-01,4.0332433363021562e+02,2.1309986787500328e+01
5.6800000000000006e-01,4.3199999999999994e-01,4.0240891533456335e+02,2.1315426753314885e+01
5.6900000000000006e-01,4.3099999999999994e-01,4.0149349703891096e+02,2.1320956305200852e+01
5.7000000000000006e-01,4.2999999999999994e-01,4.0057807874325863e+02,2.1326575648066889e+01
5.7100000000000006e-01,4.2899999999999994e-01,3.9966266044760624e+02,2.1332284990437596e+01
5.7200000000000006e-01,4.2799999999999994e-01,3.9874724215195391e+02,2.1338084544475493e+01
5.7300000000000006e-01,4.2699999999999994e-01,3.9783182385630158e+02,2.1343974526003436e+01
5.7400000000000007e-01,4.2599999999999993e-01,3.9691640556064920e+02,2.1349955154527436e+01
5.7500000000000007e-01,4.2499999999999993e-01,3.9600098726499687e+02,2.1356026653259931e+01
5.7600000000000007e-01,4.2399999999999993e-01,3.9508556896934448e+02,2.1362189249143533e+01
5.7699999999999996e-01,4.2300000000000004e-01,3.9417015067369226e+02,2.1368443172875164e+01
5.7799999999999996e-01,4.2200000000000004e-01,3.9325473237803988e+02,2.1374788658930697e+01
5.7899999999999996e-01,4.2100000000000004e-01,3.9233931408238755e+02,2.1381225945590028e+01
5.7999999999999996e-01,4.2000000000000004e-01,3.9142389578673522e+02,2.1387755274962625e+01
5.8099999999999996e-01,4.1900000000000004e-01,3.9050847749108283e+02,2.1394376893013561e+01
5.8199999999999996e-01,4.1800000000000004e-01,3.8959305919543050e+02,2.1401091049589972e+01
5.8299999999999996e-01,4.1700000000000004e-01,3.8867764089977811e+02,2.1407897998448068e+01
5.8399999999999996e-01,4.1600000000000004e-01,3.8776222260412578e+02,2.1414797997280559e+01
5.8499999999999996e-01,4.1500000000000004e-01,3.8684680430847345e+02,2.1421791307744659e+01
5.8599999999999997e-01,4.1400000000000003e-01,3.8593138601282112e+02,2.1428878195490487e+01
5.8699999999999997e-01,4.1300000000000003e-01,3.8501596771716873e+02,2.1436058930190065e+01
5.8799999999999997e-01,4.1200000000000003e-01,3.8410054942151635e+02,2.1443333785566779e+01
5.8899999999999997e-01,4.1100000000000003e-01,3.8318513112586402e+02,2.1450703039425363e+01
5.8999999999999997e-01,4.1000000000000003e-01,3.8226971283021169e+02,2.1458166973682438e+01
5.9099999999999997e-01,4.0900000000000003e-01,3.8135429453455936e+02,2.1465725874397535e+01
5.9199999999999997e-01,4.0800000000000003e-01,3.8043887623890697e+02,2.1473380031804719e+01
5.9299999999999997e-01,4.0700000000000003e-01,3.7952345794325464e+02,2.1481129740344681e+01
5.9399999999999997e-01,4.0600000000000003e-01,3.7860803964760225e+02,2.1488975298697465e+01
5.9499999999999997e-01,4.0500000000000003e-01,3.7769262135194987e+02,2.1496917009815689e+01
5.9599999999999997e-01,4.0400000000000003e-01,3.7677720305629759e+02,2.1504955180958380e+01
5.9699999999999998e-01,4.0300000000000002e-01,3.7586178476064521e+02,2.1513090123725366e+01
5.9799999999999998e-01,4.0200000000000002e-01,3.7494636646499288e+02,2.1521322154092243e+01
5.9899999999999998e-01,4.0100000000000002e-01,3.7403094816934049e+02,2.1529651592445962e+01
5.9999999999999998e-01,4.0000000000000002e-01,3.7311552987368816e+02,2.1538078763620977e+01
6.0099999999999998e-01,3.9900000000000002e-01,3.7220011157803583e+02,2.1546603996936028e+01
6.0199999999999998e-01,3.9800000000000002e-01,3.7128469328238344e+02,2.1555227626231559e+01
6.0299999999999998e-01,3.9700000000000002e-01,3.7036927498673111e+02,2.1563949989907702e+01
6.0399999999999998e-01,3.9600000000000002e-01,3.6945385669107873e+02,2.1572771430962955e+01
6.0499999999999998e-01,3.9500000000000002e-01,3.6853843839542640e+02,2.1581692297033470e+01
6.0599999999999998e-01,3.9400000000000002e-01,3.6762302009977401e+02,2.1590712940432994e+01
6.0699999999999998e-01,3.9300000000000002e-01,3.6670760180412174e+02,2.1599833718193509e+01
6.0799999999999998e-01,3.9200000000000002e-01,3.6579218350846935e+02,2.1609054992106486e+01
6.0899999999999999e-01,3.9100000000000001e-01,3.6487676521281696e+02,2.1618377128764855e+01
6.0999999999999999e-01,3.9000000000000001e-01,3.6396134691716463e+02,2.1627800499605669e+01
6.1099999999999999e-01,3.8900000000000001e-01,3.6304592862151225e+02,2.1637325480953457e+01
6.1199999999999999e-01,3.8800000000000001e-01,3.6213051032585997e+02,2.1646952454064291e+01
6.1299999999999999e-01,3.8700000000000001e-01,3.6121509203020759e+02,2.1656681805170582e+01
6.1399999999999999e-01,3.8600000000000001e-01,3.6029967373455526e+02,2.1666513925526584e+01
6.1499999999999999e-01,3.8500000000000001e-01,3.5938425543890287e+02,2.1676449211454692e+01
6.1599999999999999e-01,3.8400000000000001e-01,3.5846883714325048e+02,2.1686488064392449e+01
6.1699999999999999e-01,3.8300000000000001e-01,3.5755341884759821e+02,2.1696630890940330e+01
6.1799999999999999e-01,3.8200000000000001e-01,3.5663800055194582e+02,2.1706878102910331e+01
6.1899999999999999e-01,3.8100000000000001e-01,3.5572258225629349e+02,2.1717230117375308e+01
6.2000000000000000e-01,3.8000000000000000e-01,3.5480716396064111e+02,2.1727687356719159e+01
6.2100000000000000e-01,3.7900000000000000e-01,3.5389174566498878e+02,2.1738250248687780e+01
6.2200000000000000e-01,3.7800000000000000e-01,3.5297632736933639e+02,2.1748919226440897e+01
6.2300000000000000e-01,3.7700000000000000e-01,3.5206090907368406e+02,2.1759694728604693e+01
6.2400000000000000e-01,3.7600000000000000e-01,3.5114549077803173e+02,2.1770577199325320e+01
6.2500000000000000e-01,3.7500000000000000e-01,3.5023007248237934e+02,2.1781567088323264e+01
6.2600000000000000e-01,3.7400000000000000e-01,3.4931465418672701e+02,2.1792664850948597e+01
6.2700000000000000e-01,3.7300000000000000e-01,3.4839923589107462e+02,2.1803870948237133e+01
6.2800000000000000e-01,3.7200000000000000e-01,3.4748381759542235e+02,2.1815185846967452e+01
6.2900000000000000e-01,3.7100000000000000e-01,3.4656839929976996e+02,2.1826610019718935e+01
6.3000000000000000e-01,3.7000000000000000e-01,3.4565298100411758e+02,2.1838143944930636e+01
6.3100000000000001e-01,3.6899999999999999e-01,3.4473756270846525e+02,2.1849788106961174e+01
6.3200000000000001e-01,3.6799999999999999e-01,3.4382214441281286e+02,2.1861542996149609e+01
6.3300000000000001e-01,3.6699999999999999e-01,3.4290672611716053e+02,2.1873409108877219e+01
6.3400000000000001e-01,3.6599999999999999e-01,3.4199130782150820e+02,2.1885386947630380e+01
6.3500000000000001e-01,3.6499999999999999e-01,3.4107588952585587e+02,2.1897477021064407e+01
6.3600000000000001e-01,3.6399999999999999e-01,3.4016047123020348e+02,2.1909679844068457e+01
6.3700000000000001e-01,3.6299999999999999e-01,3.3924505293455110e+02,2.1921995937831440e+01
6.3800000000000001e-01,3.6199999999999999e-01,3.3832963463889877e+02,2.1934425829909078e+01
6.3900000000000001e-01,3.6099999999999999e-01,3.3741421634324644e+02,2.1946970054291974e+01
6.4000000000000001e-01,3.5999999999999999e-01,3.3649879804759411e+02,2.1959629151474864e+01
6.4100000000000001e-01,3.5899999999999999e-01,3.3558337975194172e+02,2.1972403668526923e+01
6.4200000000000002e-01,3.5799999999999998e-01,3.3466796145628939e+02,2.1985294159163264e+01
6.4300000000000002e-01,3.5699999999999998e-01,3.3375254316063700e+02,2.1998301183817581e+01
6.4400000000000002e-01,3.5599999999999998e-01,3.3283712486498467e+02,2.2011425309716007e+01
6.4500000000000002e-01,3.5499999999999998e-01,3.3192170656933234e+02,2.2024667110952127e+01
6.4600000000000002e-01,3.5399999999999998e-01,3.3100628827367996e+02,2.2038027168563264e+01
6.4700000000000002e-01,3.5299999999999998e-01,3.3009086997802763e+02,2.2051506070607989e+01
6.4800000000000002e-01,3.5199999999999998e-01,3.2917545168237524e+02,2.2065104412244906e+01
6.4900000000000002e-01,3.5099999999999998e-01,3.2826003338672291e+02,2.2078822795812734e+01
6.5000000000000002e-01,3.4999999999999998e-01,3.2734461509107058e+02,2.2092661830911698e+01
6.5100000000000002e-01,3.4899999999999998e-01,3.2642919679541819e+02,2.2106622134486251e+01
6.5200000000000002e-01,3.4799999999999998e-01,3.2551377849976586e+02,2.2120704330909174e+01
6.5300000000000002e-01,3.4699999999999998e-01,3.2459836020411348e+02,2.2134909052067044e+01
6.5400000000000003e-01,3.4599999999999997e-01,3.2368294190846115e+02,2.2149236937447142e+01
6.5500000000000003e-01,3.4499999999999997e-01,3.2276752361280882e+02,2.2163688634225739e+01
6.5600000000000003e-01,3.4399999999999997e-01,3.2185210531715649e+02,2.2178264797357922e+01
6.5700000000000003e-01,3.4299999999999997e-01,3.2093668702150410e+02,2.2192966089668836e+01
6.5800000000000003e-01,3.4199999999999997e-01,3.2002126872585171e+02,2.2207793181946482e+01
6.5900000000000003e-01,3.4099999999999997e-01,3.1910585043019938e+02,2.2222746753036045e+01
6.6000000000000003e-01,3.3999999999999997e-01,3.1819043213454700e+02,2.2237827489935793e+01
6.6100000000000003e-01,3.3899999999999997e-01,3.1727501383889472e+02,2.2253036087894579e+01
6.6200000000000003e-01,3.3799999999999997e-01,3.1635959554324234e+02,2.2268373250510962e+01
6.6300000000000003e-01,3.3699999999999997e-01,3.1544417724759001e+02,2.2283839689834007e+01
6.6400000000000003e-01,3.3599999999999997e-01,3.1452875895193762e+02,2.2299436126465736e+01
6.6500000000000004e-01,3.3499999999999996e-01,3.1361334065628523e+02,2.2315163289665346e+01
6.6600000000000004e-01,3.3399999999999996e-01,3.1269792236063296e+02,2.2331021917455143e+01
6.6700000000000004e-01,3.3299999999999996e-01,3.1178250406498057e+02,2.2347012756728297e+01
6.6800000000000004e-01,3.3199999999999996e-01,3.1086708576932824e+02,2.2363136563358371e+01
6.6900000000000004e-01,3.3099999999999996e-01,3.0995166747367585e+02,2.2379394102310741e+01
6.7000000000000004e-01,3.2999999999999996e-01,3.0903624917802352e+02,2.2395786147755889e+01
6.7100000000000004e-01,3.2899999999999996e-01,3.0812083088237119e+02,2.2412313483184626e+01
6.7200000000000004e-01,3.2799999999999996e-01,3.0720541258671881e+02,2.2428976901525264e+01
6.7300000000000004e-01,3.2699999999999996e-01,3.0628999429106648e+02,2.2445777205262811e+01
6.7400000000000004e-01,3.2599999999999996e-01,3.0537457599541409e+02,2.2462715206560166e+01
6.7500000000000004e-01,3.2499999999999996e-01,3.0445915769976176e+02,2.2479791727381421e+01
6.7600000000000005e-01,3.2399999999999995e-01,3.0354373940410937e+02,2.2497007599617280e+01
6.7700000000000005e-01,3.2299999999999995e-01,3.0262832110845710e+02,2.2514363665212599e+01
6.7800000000000005e-01,3.2199999999999995e-01,3.0171290281280471e+02,2.2531860776296185e+01
6.7900000000000005e-01,3.2099999999999995e-01,3.0079748451715233e+02,2.2549499795312752e+01
6.8000000000000005e-01,3.1999999999999995e-01,2.9988206622150000e+02,2.2567281595157265e+01
6.8100000000000005e-01,3.1899999999999995e-01,2.9896664792584761e+02,2.2585207059311529e+01
6.8200000000000005e-01,3.1799999999999995e-01,2.9805122963019534e+02,2.2603277081983197e+01
6.8300000000000005e-01,3.1699999999999995e-01,2.9713581133454295e+02,2.2621492568247202e+01
6.8400000000000005e-01,3.1599999999999995e-01,2.9622039303889062e+02,2.2639854434189644e+01
6.8500000000000005e-01,3.1499999999999995e-01,2.9530497474323823e+02,2.2658363607054195e+01
6.8600000000000005e-01,3.1399999999999995e-01,2.9438955644758585e+02,2.2677021025391110e+01
6.8700000000000006e-01,3.1299999999999994e-01,2.9347413815193357e+02,2.2695827639208822e+01
6.8800000000000006e-01,3.1199999999999994e-01,2.9255871985628119e+02,2.2714784410128239e+01
6.8900000000000006e-01,3.1099999999999994e-01,2.9164330156062886e+02,2.2733892311539748e+01
6.9000000000000006e-01,3.0999999999999994e-01,2.9072788326497647e+02,2.2753152328763033e+01
6.9100000000000006e-01,3.0899999999999994e-01,2.8981246496932414e+02,2.2772565459209705e+01
6.9200000000000006e-01,3.0799999999999994e-01,2.8889704667367175e+02,2.2792132712548870e+01
6.9300000000000006e-01,3.0699999999999994e-01,2.8798162837801942e+02,2.2811855110875594e+01
6.9400000000000006e-01,3.0599999999999994e-01,2.8706621008236709e+02,2.2831733688882483e+01
6.9500000000000006e-01,3.0499999999999994e-01,2.8615079178671471e+02,2.2851769494034237e+01
6.9600000000000006e-01,3.0399999999999994e-01,2.8523537349106238e+02,2.2871963586745444e+01
6.9700000000000006e-01,3.0299999999999994e-01,2.8431995519540999e+02,2.2892317040561522e+01
6.9800000000000006e-01,3.0199999999999994e-01,2.8340453689975772e+02,2.2912830942342982e+01
6.9900000000000007e-01,3.0099999999999993e-01,2.8248911860410533e+02,2.2933506392453015e+01
7.0000000000000007e-01,2.9999999999999993e-01,2.8157370030845300e+02,2.2954344504948498e+01
7.0100000000000007e-01,2.9899999999999993e-01,2.8065828201280061e+02,2.2975346407774506e+01
7.0200000000000007e-01,2.9799999999999993e-01,2.7974286371714823e+02,2.2996513242962362e+01
7.0300000000000007e-01,2.9699999999999993e-01,2.7882744542149590e+02,2.3017846166831358e+01
7.0399999999999996e-01,2.9600000000000004e-01,2.7791202712584362e+02,2.3039346350194162e+01
7.0499999999999996e-01,2.9500000000000004e-01,2.7699660883019135e+02,2.3061014978566050e+01
7.0599999999999996e-01,2.9400000000000004e-01,2.7608119053453896e+02,2.3082853252377991e+01
7.0699999999999996e-01,2.9300000000000004e-01,2.7516577223888657e+02,2.3104862387193695e+01
7.0799999999999996e-01,2.9200000000000004e-01,2.7425035394323424e+02,2.3127043613930731e+01
7.0899999999999996e-01,2.9100000000000004e-01,2.7333493564758186e+02,2.3149398179085757e+01
7.0999999999999996e-01,2.9000000000000004e-01,2.7241951735192958e+02,2.3171927344963972e+01
7.1099999999999997e-01,2.8900000000000003e-01,2.7150409905627720e+02,2.3194632389912915e+01
7.1199999999999997e-01,2.8800000000000003e-01,2.7058868076062487e+02,2.3217514608560627e+01
7.1299999999999997e-01,2.8700000000000003e-01,2.6967326246497248e+02,2.3240575312058368e+01
7.1399999999999997e-01,2.8600000000000003e-01,2.6875784416932015e+02,2.3263815828327896e+01
7.1499999999999997e-01,2.8500000000000003e-01,2.6784242587366782e+02,2.3287237502313506e+01
7.1599999999999997e-01,2.8400000000000003e-01,2.6692700757801543e+02,2.3310841696238825e+01
7.1699999999999997e-01,2.8300000000000003e-01,2.6601158928236310e+02,2.3334629789868593e+01
7.1799999999999997e-01,2.8200000000000003e-01,2.6509617098671072e+02,2.3358603180775415e+01
7.1899999999999997e-01,2.8100000000000003e-01,2.6418075269105839e+02,2.3382763284611674e+01
7.1999999999999997e-01,2.8000000000000003e-01,2.6326533439540600e+02,2.3407111535386754e+01
7.2099999999999997e-01,2.7900000000000003e-01,2.6234991609975373e+02,2.3431649385749552e+01
7.2199999999999998e-01,2.7800000000000002e-01,2.6143449780410134e+02,2.3456378307276573e+01
7.2299999999999998e-01,2.7700000000000002e-01,2.6051907950844895e+02,2.3481299790765604e+01
7.2399999999999998e-01,2.7600000000000002e-01,2.5960366121279662e+02,2.3506415346535153e+01
7.2499999999999998e-01,2.7500000000000002e-01,2.5868824291714429e+02,2.3531726504729786e+01
7.2599999999999998e-01,2.7400000000000002e-01,2.5777282462149191e+02,2.3557234815631482e+01
7.2699999999999998e-01,2.7300000000000002e-01,2.5685740632583958e+02,2.3582941849977132e+01
7.2799999999999998e-01,2.7200000000000002e-01,2.5594198803018722e+02,2.3608849199282375e+01
7.2899999999999998e-01,2.7100000000000002e-01,2.5502656973453486e+02,2.3634958476171853e+01
7.2999999999999998e-01,2.7000000000000002e-01,2.5411115143888253e+02,2.3661271314716096e+01
7.3099999999999998e-01,2.6900000000000002e-01,2.5319573314323017e+02,2.3687789370775143e+01
7.3199999999999998e-01,2.6800000000000002e-01,2.5228031484757778e+02,2.3714514322349082e+01
7.3299999999999998e-01,2.6700000000000002e-01,2.5136489655192545e+02,2.3741447869935691e+01
7.3399999999999999e-01,2.6600000000000001e-01,2.5044947825627310e+02,2.3768591736895296e+01
7.3499999999999999e-01,2.6500000000000001e-01,2.4953405996062074e+02,2.3795947669823072e+01
7.3599999999999999e-01,2.6400000000000001e-01,2.4861864166496841e+02,2.3823517438928928e+01
7.3699999999999999e-01,2.6300000000000001e-01,2.4770322336931605e+02,2.3851302838425173e+01
7.3799999999999999e-01,2.6200000000000001e-01,2.4678780507366372e+02,2.3879305686922169e+01
7.3899999999999999e-01,2.6100000000000001e-01,2.4587238677801133e+02,2.3907527827832109e+01
7.3999999999999999e-01,2.6000000000000001e-01,2.4495696848235897e+02,2.3935971129781166e+01
7.4099999999999999e-01,2.5900000000000001e-01,2.4404155018670664e+02,2.3964637487030227e+01
7.4199999999999999e-01,2.5800000000000001e-01,2.4312613189105429e+02,2.3993528819904373e+01
7.4299999999999999e-01,2.5700000000000001e-01,2.4221071359540193e+02,2.4022647075231333e+01
7.4399999999999999e-01,2.5600000000000001e-01,2.4129529529974960e+02,2.4051994226789169e+01
7.4500000000000000e-01,2.5500000000000000e-01,2.4037987700409724e+02,2.4081572275763396e+01
7.4600000000000000e-01,2.5400000000000000e-01,2.3946445870844491e+02,2.4111383251213748e+01
7.4700000000000000e-01,2.5300000000000000e-01,2.3854904041279252e+02,2.4141429210550879e+01
7.4800000000000000e-01,2.5200000000000000e-01,2.3763362211714016e+02,2.4171712240023194e+01
7.4900000000000000e-01,2.5100000000000000e-01,2.3671820382148783e+02,2.4202234455214125e+01
7.5000000000000000e-01,2.5000000000000000e-01,2.3580278552583547e+02,2.4232998001550051e+01
7.5100000000000000e-01,2.4900000000000000e-01,2.3488736723018312e+02,2.4264005054819190e+01
7.5200000000000000e-01,2.4800000000000000e-01,2.3397194893453079e+02,2.4295257821701693e+01
7.5300000000000000e-01,2.4700000000000000e-01,2.3305653063887843e+02,2.4326758540311271e+01
7.5400000000000000e-01,2.4600000000000000e-01,2.3214111234322604e+02,2.4358509480748591e+01
7.5500000000000000e-01,2.4500000000000000e-01,2.3122569404757371e+02,2.4390512945666810e+01
7.5600000000000001e-01,2.4399999999999999e-01,2.3031027575192135e+02,2.4422771270849548e+01
7.5700000000000001e-01,2.4299999999999999e-01,2.2939485745626902e+02,2.4455286825801544e+01
7.5800000000000001e-01,2.4199999999999999e-01,2.2847943916061666e+02,2.4488062014352433e+01
7.5900000000000001e-01,2.4099999999999999e-01,2.2756402086496431e+02,2.4521099275273937e+01
7.6000000000000001e-01,2.3999999999999999e-01,2.2664860256931195e+02,2.4554401082910800e+01
7.6100000000000001e-01,2.3899999999999999e-01,2.2573318427365959e+02,2.4587969947825883e+01
7.6200000000000001e-01,2.3799999999999999e-01,2.2481776597800723e+02,2.4621808417459750e+01
7.6300000000000001e-01,2.3699999999999999e-01,2.2390234768235490e+02,2.4655919076805134e+01
7.6400000000000001e-01,2.3599999999999999e-01,2.2298692938670254e+02,2.4690304549096712e+01
7.6500000000000001e-01,2.3499999999999999e-01,2.2207151109105021e+02,2.4724967496516566e+01
7.6600000000000001e-01,2.3399999999999999e-01,2.2115609279539785e+02,2.4759910620915761e+01
7.6700000000000002e-01,2.3299999999999998e-01,2.2024067449974550e+02,2.4795136664552494e+01
7.6800000000000002e-01,2.3199999999999998e-01,2.1932525620409314e+02,2.4830648410847211e+01
7.6900000000000002e-01,2.3099999999999998e-01,2.1840983790844078e+02,2.4866448685155238e+01
7.7000000000000002e-01,2.2999999999999998e-01,2.1749441961278842e+02,2.4902540355557331e+01
7.7100000000000002e-01,2.2899999999999998e-01,2.1657900131713609e+02,2.4938926333668650e+01
7.7200000000000002e-01,2.2799999999999998e-01,2.1566358302148373e+02,2.4975609575466709e+01
7.7300000000000002e-01,2.2699999999999998e-01,2.1474816472583140e+02,2.5012593082138782e+01
7.7400000000000002e-01,2.2599999999999998e-01,2.1383274643017904e+02,2.5049879900949321e+01
7.7500000000000002e-01,2.2499999999999998e-01,2.1291732813452666e+02,2.5087473126127957e+01
7.7600000000000002e-01,2.2399999999999998e-01,2.1200190983887433e+02,2.5125375899778625e+01
7.7700000000000002e-01,2.2299999999999998e-01,2.1108649154322197e+02,2.5163591412810465e+01
7.7800000000000002e-01,2.2199999999999998e-01,2.1017107324756961e+02,2.5202122905891066e+01
7.7900000000000003e-01,2.2099999999999997e-01,2.0925565495191728e+02,2.5240973670422715e+01
7.8000000000000003e-01,2.1999999999999997e-01,2.0834023665626492e+02,2.5280147049542304e+01
7.8100000000000003e-01,2.1899999999999997e-01,2.0742481836061259e+02,2.5319646439145533e+01
7.8200000000000003e-01,2.1799999999999997e-01,2.0650940006496020e+02,2.5359475288936206e+01
7.8300000000000003e-01,2.1699999999999997e-01,2.0559398176930785e+02,2.5399637103501234e+01
7.8400000000000003e-01,2.1599999999999997e-01,2.0467856347365552e+02,2.5440135443412174e+01
7.8500000000000003e-01,2.1499999999999997e-01,2.0376314517800316e+02,2.5480973926354029e+01
7.8600000000000003e-01,2.1399999999999997e-01,2.0284772688235080e+02,2.5522156228282132e+01
7.8700000000000003e-01,2.1299999999999997e-01,2.0193230858669847e+02,2.5563686084607962e+01
7.8800000000000003e-01,2.1199999999999997e-01,2.0101689029104611e+02,2.5605567291414701e+01
7.8900000000000003e-01,2.1099999999999997e-01,2.0010147199539372e+02,2.5647803706703410e+01
7.9000000000000004e-01,2.0999999999999996e-01,1.9918605369974139e+02,2.5690399251670840e+01
7.9100000000000004e-01,2.0899999999999996e-01,1.9827063540408903e+02,2.5733357912019702e+01
7.9200000000000004e-01,2.0799999999999996e-01,1.9735521710843670e+02,2.5776683739302438e+01
7.9300000000000004e-01,2.0699999999999996e-01,1.9643979881278435e+02,2.5820380852299500e+01
7.9400000000000004e-01,2.0599999999999996e-01,1.9552438051713199e+02,2.5864453438433209e+01
7.9500000000000004e-01,2.0499999999999996e-01,1.9460896222147966e+02,2.5908905755218193e+01
7.9600000000000004e-01,2.0399999999999996e-01,1.9369354392582727e+02,2.5953742131749671e+01
7.9700000000000004e-01,2.0299999999999996e-01,1.9277812563017491e+02,2.5998966970230619e+01
7.9800000000000004e-01,2.0199999999999996e-01,1.9186270733452258e+02,2.6044584747539094e+01
7.9900000000000004e-01,2.0099999999999996e-01,1.9094728903887022e+02,2.6090600016836962e+01
8.0000000000000004e-01,1.9999999999999996e-01,1.9003187074321789e+02,2.6137017409221272e+01
8.0100000000000005e-01,1.9899999999999995e-01,1.8911645244756554e+02,2.6183841635419739e+01
8.0200000000000005e-01,1.9799999999999995e-01,1.8820103415191318e+02,2.6231077487531550e+01
8.0300000000000005e-01,1.9699999999999995e-01,1.8728561585626082e+02,2.6278729840815121e+01
8.0400000000000005e-01,1.9599999999999995e-01,1.8637019756060846e+02,2.6326803655524184e+01
8.0500000000000005e-01,1.9499999999999995e-01,1.8545477926495610e+02,2.6375303978793777e+01
8.0600000000000005e-01,1.9399999999999995e-01,1.8453936096930377e+02,2.6424235946577774e+01
8.0700000000000005e-01,1.9299999999999995e-01,1.8362394267365141e+02,2.6473604785639615e+01
8.0800000000000005e-01,1.9199999999999995e-01,1.8270852437799908e+02,2.6523415815597925e+01
8.0900000000000005e-01,1.9099999999999995e-01,1.8179310608234672e+02,2.6573674451028907e+01
8.1000000000000005e-01,1.8999999999999995e-01,1.8087768778669434e+02,2.6624386203627282e+01
8.1100000000000005e-01,1.8899999999999995e-01,1.7996226949104201e+02,2.6675556684427772e+01
8.1200000000000006e-01,1.8799999999999994e-01,1.7904685119538965e+02,2.6727191606089111e+01
8.1300000000000006e-01,1.8699999999999994e-01,1.7813143289973729e+02,2.6779296785242696e+01
8.1400000000000006e-01,1.8599999999999994e-01,1.7721601460408496e+02,2.6831878144908025e+01
8.1500000000000006e-01,1.8499999999999994e-01,1.7630059630843260e+02,2.6884941716977181e+01
8.1600000000000006e-01,1.8399999999999994e-01,1.7538517801278024e+02,2.6938493644770698e+01
8.1700000000000006e-01,1.8299999999999994e-01,1.7446975971712789e+02,2.6992540185667281e+01
8.1800000000000006e-01,1.8199999999999994e-01,1.7355434142147553e+02,2.7047087713809855e+01
8.1900000000000006e-01,1.8099999999999994e-01,1.7263892312582320e+02,2.7102142722890616e+01
8.2000000000000006e-01,1.7999999999999994e-01,1.7172350483017084e+02,2.7157711829017810e+01
8.2100000000000006e-01,1.7899999999999994e-01,1.7080808653451848e+02,2.7213801773667051e+01
8.2200000000000006e-01,1.7799999999999994e-01,1.6989266823886615e+02,2.7270419426720220e+01
8.2300000000000006e-01,1.7699999999999994e-01,1.6897724994321379e+02,2.7327571789594934e+01
8.2400000000000007e-01,1.7599999999999993e-01,1.6806183164756141e+02,2.7385265998467876e+01
8.2500000000000007e-01,1.7499999999999993e-01,1.6714641335190908e+02,2.7443509327595223e+01
8.2600000000000007e-01,1.7399999999999993e-01,1.6623099505625672e+02,2.7502309192733801e+01
8.2700000000000007e-01,1.7299999999999993e-01,1.6531557676060439e+02,2.7561673154666412e+01
8.2800000000000007e-01,1.7199999999999993e-01,1.6440015846495203e+02,2.7621608922835243e+01
8.2900000000000007e-01,1.7099999999999993e-01,1.6348474016929967e+02,2.7682124359087229e+01
8.3000000000000007e-01,1.6999999999999993e-01,1.6256932187364734e+02,2.7743227481535456e+01
8.3100000000000007e-01,1.6899999999999993e-01,1.6165390357799495e+02,2.7804926468540916e+01
8.3200000000000007e-01,1.6799999999999993e-01,1.6073848528234259e+02,2.7867229662819021e+01
8.3299999999999996e-01,1.6700000000000004e-01,1.5982306698669035e+02,2.7930145575675578e+01
8.3399999999999996e-01,1.6600000000000004e-01,1.5890764869103802e+02,2.7993682891377013e+01
8.3499999999999996e-01,1.6500000000000004e-01,1.5799223039538566e+02,2.8057850471659915e+01
8.3599999999999997e-01,1.6400000000000003e-01,1.5707681209973333e+02,2.8122657360385187e+01
8.3699999999999997e-01,1.6300000000000003e-01,1.5616139380408097e+02,2.8188112788342323e+01
8.3799999999999997e-01,1.6200000000000003e-01,1.5524597550842859e+02,2.8254226178209560e+01
8.3899999999999997e-01,1.6100000000000003e-01,1.5433055721277626e+02,2.8321007149675815e+01
8.3999999999999997e-01,1.6000000000000003e-01,1.5341513891712390e+02,2.8388465524730893e+01
8.4099999999999997e-01,1.5900000000000003e-01,1.5249972062147154e+02,2.8456611333130301e+01
8.4199999999999997e-01,1.5800000000000003e-01,1.5158430232581921e+02,2.8525454818041645e+01
8.4299999999999997e-01,1.5700000000000003e-01,1.5066888403016685e+02,2.8595006441879793e+01
8.4399999999999997e-01,1.5600000000000003e-01,1.4975346573451449e+02,2.8665276892338170e+01
8.4499999999999997e-01,1.5500000000000003e-01,1.4883804743886213e+02,2.8736277088624217e+01
8.4599999999999997e-01,1.5400000000000003e-01,1.4792262914320978e+02,2.8808018187907024e+01
8.4699999999999998e-01,1.5300000000000002e-01,1.4700721084755745e+02,2.8880511591985893e+01
8.4799999999999998e-01,1.5200000000000002e-01,1.4609179255190509e+02,2.8953768954188675e+01
8.4899999999999998e-01,1.5100000000000002e-01,1.4517637425625273e+02,2.9027802186509415e+01
8.4999999999999998e-01,1.5000000000000002e-01,1.4426095596060040e+02,2.9102623466995102e+01
8.5099999999999998e-01,1.4900000000000002e-01,1.4334553766494804e+02,2.9178245247391871e+01
8.5199999999999998e-01,1.4800000000000002e-01,1.4243011936929565e+02,2.9254680261061505e+01
8.5299999999999998e-01,1.4700000000000002e-01,1.4151470107364332e+02,2.9331941531179567e+01
8.5399999999999998e-01,1.4600000000000002e-01,1.4059928277799096e+02,2.9410042379227136e+01
8.5499999999999998e-01,1.4500000000000002e-01,1.3968386448233863e+02,2.9488996433788554e+01
8.5599999999999998e-01,1.4400000000000002e-01,1.3876844618668628e+02,2.9568817639668371e+01
8.5699999999999998e-01,1.4300000000000002e-01,1.3785302789103392e+02,2.9649520267341217e+01
8.5799999999999998e-01,1.4200000000000002e-01,1.3693760959538159e+02,2.9731118922749118e+01
8.5899999999999999e-01,1.4100000000000001e-01,1.3602219129972923e+02,2.9813628557461318e+01
8.5999999999999999e-01,1.4000000000000001e-01,1.3510677300407684e+02,2.9897064479212723e+01
8.6099999999999999e-01,1.3900000000000001e-01,1.3419135470842451e+02,2.9981442362837605e+01
8.6199999999999999e-01,1.3800000000000001e-01,1.3327593641277215e+02,3.0066778261616314e+01
8.6299999999999999e-01,1.3700000000000001e-01,1.3236051811711980e+02,3.0153088619053435e+01
8.6399999999999999e-01,1.3600000000000001e-01,1.3144509982146747e+02,3.0240390281107008e+01
8.6499999999999999e-01,1.3500000000000001e-01,1.3052968152581511e+02,3.0328700508889305e+01
8.6599999999999999e-01,1.3400000000000001e-01,1.2961426323016275e+02,3.0418036991860809e+01
8.6699999999999999e-01,1.3300000000000001e-01,1.2869884493451039e+02,3.0508417861540131e+01
8.6799999999999999e-01,1.3200000000000001e-01,1.2778342663885805e+02,3.0599861705753998e+01
8.6899999999999999e-01,1.3100000000000001e-01,1.2686800834320570e+02,3.0692387583452454e+01
8.7000000000000000e-01,1.3000000000000000e-01,1.2595259004755334e+02,3.0786015040116091e+01
8.7100000000000000e-01,1.2900000000000000e-01,1.2503717175190100e+02,3.0880764123783365e+01
8.7200000000000000e-01,1.2800000000000000e-01,1.2412175345624864e+02,3.0976655401727754e+01
8.7300000000000000e-01,1.2700000000000000e-01,1.2320633516059630e+02,3.1073709977816080e+01
8.7400000000000000e-01,1.2600000000000000e-01,1.2229091686494394e+02,3.1171949510581129e+01
8.7500000000000000e-01,1.2500000000000000e-01,1.2137549856929158e+02,3.1271396232043561e+01
8.7600000000000000e-01,1.2400000000000000e-01,1.2046008027363924e+02,3.1372072967319983e+01
8.7700000000000000e-01,1.2300000000000000e-01,1.1954466197798688e+02,3.1474003155056501e+01
8.7800000000000000e-01,1.2200000000000000e-01,1.1862924368233453e+02,3.1577210868728823e+01
8.7900000000000000e-01,1.2100000000000000e-01,1.1771382538668217e+02,3.1681720838852947e+01
8.8000000000000000e-01,1.2000000000000000e-01,1.1679840709102983e+02,3.1787558476152551e+01
8.8100000000000001e-01,1.1899999999999999e-01,1.1588298879537747e+02,3.1894749895732314e+01
8.8200000000000001e-01,1.1799999999999999e-01,1.1496757049972513e+02,3.2003321942309078e+01
8.8300000000000001e-01,1.1699999999999999e-01,1.1405215220407277e+02,3.2113302216556008e+01
8.8400000000000001e-01,1.1599999999999999e-01,1.1313673390842042e+02,3.2224719102618266e+01
8.8500000000000001e-01,1.1499999999999999e-01,1.1222131561276807e+02,3.2337601796862124e+01
8.8600000000000001e-01,1.1399999999999999e-01,1.1130589731711571e+02,3.2451980337923509e+01
8.8700000000000001e-01,1.1299999999999999e-01,1.1039047902146336e+02,3.2567885638125837e+01
8.8800000000000001e-01,1.1199999999999999e-01,1.0947506072581102e+02,3.2685349516341574e+01
8.8900000000000001e-01,1.1099999999999999e-01,1.0855964243015865e+02,3.2804404732376355e+01
8.9000000000000001e-01,1.0999999999999999e-01,1.0764422413450630e+02,3.2925085022960026e+01
8.9100000000000001e-01,1.0899999999999999e-01,1.0672880583885396e+02,3.3047425139433713e+01
8.9200000000000002e-01,1.0799999999999998e-01,1.0581338754320161e+02,3.3171460887228541e+01
8.9300000000000002e-01,1.0699999999999998e-01,1.0489796924754924e+02,3.3297229167237148e+01
8.9400000000000002e-01,1.0599999999999998e-01,1.0398255095189690e+02,3.3424768019186388e+01
8.9500000000000002e-01,1.0499999999999998e-01,1.0306713265624455e+02,3.3554116667126543e+01
8.9600000000000002e-01,1.0399999999999998e-01,1.0215171436059221e+02,3.3685315567160046e+01
8.9700000000000002e-01,1.0299999999999998e-01,1.0123629606493984e+02,3.3818406457541343e+01
8.9800000000000002e-01,1.0199999999999998e-01,1.0032087776928749e+02,3.3953432411288063e+01
8.9900000000000002e-01,1.0099999999999998e-01,9.9405459473635148e+01,3.4090437891453902e+01
9.0000000000000002e-01,9.9999999999999978e-02,9.8490041177982789e+01,3.4229468809223505e+01
9.0100000000000002e-01,9.8999999999999977e-02,9.7574622882330431e+01,3.4370572585001312e+01
9.0200000000000002e-01,9.7999999999999976e-02,9.6659204586678086e+01,3.4513798212678346e+01
9.0300000000000002e-01,9.6999999999999975e-02,9.5743786291025742e+01,3.4659196327274131e+01
9.0400000000000003e-01,9.5999999999999974e-02,9.4828367995373384e+01,3.4806819276165164e+01
9.0500000000000003e-01,9.4999999999999973e-02,9.3912949699721025e+01,3.4956721194126736e+01
9.0600000000000003e-01,9.3999999999999972e-02,9.2997531404068681e+01,3.5108958082431819e+01
9.0700000000000003e-01,9.2999999999999972e-02,9.2082113108416323e+01,3.5263587892268596e+01
9.0800000000000003e-01,9.1999999999999971e-02,9.1166694812763964e+01,3.5420670612758066e+01
9.0900000000000003e-01,9.0999999999999970e-02,9.0251276517111620e+01,3.5580268363874382e+01
9.1000000000000003e-01,8.9999999999999969e-02,8.9335858221459276e+01,3.5742445494594008e+01
9.1100000000000003e-01,8.8999999999999968e-02,8.8420439925806917e+01,3.5907268686624782e+01
9.1200000000000003e-01,8.7999999999999967e-02,8.7505021630154559e+01,3.6074807064093633e+01
9.1300000000000003e-01,8.6999999999999966e-02,8.6589603334502215e+01,3.6245132309601651e+01
9.1400000000000003e-01,8.5999999999999965e-02,8.5674185038849856e+01,3.6418318787087827e+01
9.1500000000000004e-01,8.4999999999999964e-02,8.4758766743197512e+01,3.6594443671978546e+01
9.1600000000000004e-01,8.3999999999999964e-02,8.3843348447545154e+01,3.6773587089138729e+01
9.1700000000000004e-01,8.2999999999999963e-02,8.2927930151892809e+01,3.6955832259183381e+01
9.1800000000000004e-01,8.1999999999999962e-02,8.2012511856240451e+01,3.7141265653754751e+01
9.1900000000000004e-01,8.0999999999999961e-02,8.1097093560588107e+01,3.7329977160421542e+01
9.2000000000000004e-01,7.9999999999999960e-02,8.0181675264935748e+01,3.7522060257912649e+01
9.2100000000000004e-01,7.8999999999999959e-02,7.9266256969283404e+01,3.7717612202459492e+01
9.2200000000000004e-01,7.7999999999999958e-02,7.8350838673631046e+01,3.7916734226088671e+01
9.2300000000000004e-01,7.6999999999999957e-02,7.7435420377978701e+01,3.8119531747781068e+01
9.2400000000000004e-01,7.5999999999999956e-02,7.6520002082326343e+01,3.8326114598495629e+01
9.2500000000000004e-01,7.4999999999999956e-02,7.5604583786673984e+01,3.8536597261146312e+01
9.2600000000000005e-01,7.3999999999999955e-02,7.4689165491021640e+01,3.8751099126720653e+01
9.2700000000000005e-01,7.2999999999999954e-02,7.3773747195369296e+01,3.8969744767838669e+01
9.2800000000000005e-01,7.1999999999999953e-02,7.2858328899716923e+01,3.9192664231172742e+01
9.2900000000000005e-01,7.0999999999999952e-02,7.1942910604064579e+01,3.9419993350284500e+01
9.3000000000000005e-01,6.9999999999999951e-02,7.1027492308412235e+01,3.9651874080584783e+01
9.3100000000000005e-01,6.8999999999999950e-02,7.0112074012759876e+01,3.9888454858288974e+01
9.3200000000000005e-01,6.7999999999999949e-02,6.9196655717107532e+01,4.0129890985425753e+01
9.3300000000000005e-01,6.6999999999999948e-02,6.8281237421455174e+01,4.0376345043163290e+01
9.3400000000000005e-01,6.5999999999999948e-02,6.7365819125802830e+01,4.0627987335947125e+01
9.3500000000000005e-01,6.4999999999999947e-02,6.6450400830150471e+01,4.0884996369200842e+01
9.3600000000000005e-01,6.3999999999999946e-02,6.5534982534498127e+01,4.1147559363628076e+01
9.3700000000000006e-01,6.2999999999999945e-02,6.4619564238845769e+01,4.1415872809476149e+01
9.3800000000000006e-01,6.1999999999999944e-02,6.3704145943193417e+01,4.1690143064482719e+01
9.3900000000000006e-01,6.0999999999999943e-02,6.2788727647541066e+01,4.1970586999632332e+01
9.4000000000000006e-01,5.9999999999999942e-02,6.1873309351888715e+01,4.2257432697306420e+01
9.4100000000000006e-01,5.8999999999999941e-02,6.0957891056236363e+01,4.2550920206924651e+01
9.4200000000000006e-01,5.7999999999999940e-02,6.0042472760584005e+01,4.2851302363756425e+01
9.4300000000000006e-01,5.6999999999999940e-02,5.9127054464931661e+01,4.3158845677238830e+01
9.4400000000000006e-01,5.5999999999999939e-02,5.8211636169279302e+01,4.3473831295881709e+01
9.4500000000000006e-01,5.4999999999999938e-02,5.7296217873626951e+01,4.3796556056686036e+01
9.4600000000000006e-01,5.3999999999999937e-02,5.6380799577974599e+01,4.4127333627963729e+01
9.4700000000000006e-01,5.2999999999999936e-02,5.5465381282322248e+01,4.4466495755542766e+01
9.4800000000000006e-01,5.1999999999999935e-02,5.4549962986669897e+01,4.4814393623593759e+01
9.4900000000000007e-01,5.0999999999999934e-02,5.3634544691017545e+01,4.5171399342746604e+01
9.5000000000000007e-01,4.9999999999999933e-02,5.2719126395365194e+01,4.5537907579809477e+01
9.5100000000000007e-01,4.8999999999999932e-02,5.1803708099712843e+01,4.5914337345291507e+01
9.5200000000000007e-01,4.7999999999999932e-02,5.0888289804060491e+01,4.6301133957107680e+01
9.5300000000000007e-01,4.6999999999999931e-02,4.9972871508408140e+01,4.6698771201358817e+01
9.5400000000000007e-01,4.5999999999999930e-02,4.9057453212755782e+01,4.7107753713991166e+01
9.5500000000000007e-01,4.4999999999999929e-02,4.8142034917103437e+01,4.7528619610520451e+01
9.5600000000000007e-01,4.3999999999999928e-02,4.7226616621451079e+01,4.7961943394939574e+01
9.5700000000000007e-01,4.2999999999999927e-02,4.6311198325798735e+01,4.8408339183522124e+01
9.5800000000000007e-01,4.1999999999999926e-02,4.5395780030146376e+01,4.8868464284609892e+01
9.5900000000000007e-01,4.0999999999999925e-02,4.4480361734494025e+01,4.9343023181784893e+01
9.5999999999999996e-01,4.0000000000000036e-02,4.3564943438841780e+01,4.9832771975260606e+01
9.6099999999999997e-01,3.9000000000000035e-02,4.2649525143189422e+01,5.0338523345111156e+01
9.6199999999999997e-01,3.8000000000000034e-02,4.1734106847537078e+01,5.0861152110369289e+01
9.6299999999999997e-01,3.7000000000000033e-02,4.0818688551884719e+01,5.1401601470413695e+01
9.6399999999999997e-01,3.6000000000000032e-02,3.9903270256232375e+01,5.1960890029854852e+01
9.6499999999999997e-01,3.5000000000000031e-02,3.8987851960580016e+01,5.2540119725856272e+01
9.6599999999999997e-01,3.4000000000000030e-02,3.8072433664927665e+01,5.3140484798156422e+01
9.6699999999999997e-01,3.3000000000000029e-02,3.7157015369275314e+01,5.3763281967826899e+01
9.6799999999999997e-01,3.2000000000000028e-02,3.6241597073622962e+01,5.4409922022072472e+01
9.6899999999999997e-01,3.1000000000000028e-02,3.5326178777970611e+01,5.5081943040495567e+01
9.6999999999999997e-01,3.0000000000000027e-02,3.4410760482318260e+01,5.5781025544929584e+01
9.7099999999999997e-01,2.9000000000000026e-02,3.3495342186665908e+01,5.6509009912403769e+01
9.7199999999999998e-01,2.8000000000000025e-02,3.2579923891013557e+01,5.7267916461893080e+01
9.7299999999999998e-01,2.7000000000000024e-02,3.1664505595361202e+01,5.8059968713949303e+01
9.7399999999999998e-01,2.6000000000000023e-02,3.0749087299708851e+01,5.8887620432978565e+01
9.7499999999999998e-01,2.5000000000000022e-02,2.9833669004056500e+01,5.9753587201256963e+01
9.7599999999999998e-01,2.4000000000000021e-02,2.8918250708404145e+01,6.0660883450316049e+01
9.7699999999999998e-01,2.3000000000000020e-02,2.8002832412751793e+01,6.1612866100551898e+01
9.7799999999999998e-01,2.2000000000000020e-02,2.7087414117099442e+01,6.2613286249322947e+01
9.7899999999999998e-01,2.1000000000000019e-02,2.6171995821447091e+01,6.3666350722558398e+01
9.7999999999999998e-01,2.0000000000000018e-02,2.5256577525794739e+01,6.4776795794141464e+01
9.8099999999999998e-01,1.9000000000000017e-02,2.4341159230142388e+01,6.5949976021606801e+01
9.8199999999999998e-01,1.8000000000000016e-02,2.3425740934490037e+01,6.7191972003034607e+01
9.8299999999999998e-01,1.7000000000000015e-02,2.2510322638837682e+01,6.8509722009596445e+01
9.8399999999999999e-01,1.6000000000000014e-02,2.1594904343185330e+01,6.9911184007944811e+01
9.8499999999999999e-01,1.5000000000000013e-02,2.0679486047532979e+01,7.1405536727279468e+01
9.8599999999999999e-01,1.4000000000000012e-02,1.9764067751880628e+01,7.3003431400362459e+01
9.8699999999999999e-01,1.3000000000000012e-02,1.8848649456228276e+01,7.4717309996432419e+01
9.8799999999999999e-01,1.2000000000000011e-02,1.7933231160575922e+01,7.6561811748872785e+01
9.8899999999999999e-01,1.1000000000000010e-02,1.7017812864923570e+01,7.8554298468336199e+01
9.8999999999999999e-01,1.0000000000000009e-02,1.6102394569271219e+01,8.0715541963855401e+01
9.9099999999999999e-01,9.0000000000000080e-03,1.5186976273618868e+01,8.3070636211060901e+01
9.9199999999999999e-01,8.0000000000000071e-03,1.4271557977966516e+01,8.5650226602771014e+01
9.9299999999999999e-01,7.0000000000000062e-03,1.3356139682314165e+01,8.8492195348132441e+01
9.9399999999999999e-01,6.0000000000000053e-03,1.2440721386661812e+01,9.1644017566144726e+01
9.9500000000000000e-01,5.0000000000000044e-03,1.1525303091009460e+01,9.5166128161721531e+01
9.9600000000000000e-01,4.0000000000000036e-03,1.0609884795357107e+01,9.9136855440095900e+01
9.9700000000000000e-01,3.0000000000000027e-03,9.6944664997047560e+00,1.0365986298354240e+02
9.9800000000000000e-01,2.0000000000000018e-03,8.7790482040524047e+00,1.0887576094557019e+02
9.9900000000000000e-01,1.0000000000000009e-03,7.8636299084000525e+00,1.1498096199673871e+02
1.0000000000000000e+00,0.0000000000000000e+00,6.9482116127477003e+00,1.2225981112854478e+02
